,Unnamed: 0,subject,embed_method,CV_M,avg_within,avg_between,avg_difference,ROI
0,0,1,PHATE,3,-0.014999982,-0.011599156,-0.003400826,early_visual
1,1,2,PHATE,3,0.0051702,-0.006386492,0.011556692,early_visual
2,2,3,PHATE,3,-0.015618981,-0.009830142,-0.005788839,early_visual
3,3,4,PHATE,3,-0.029273494,-0.012413528,-0.016859966,early_visual
4,4,5,PHATE,3,0.016372593,0.023608897,-0.007236304,early_visual
5,5,6,PHATE,3,0.001529959,-0.002939986,0.004469946,early_visual
6,6,7,PHATE,3,-0.006428767,-6.55E-05,-0.006363255,early_visual
7,7,8,PHATE,3,-0.010446575,-0.005994798,-0.004451777,early_visual
8,8,9,PHATE,3,-0.006173165,-0.017093336,0.010920171,early_visual
9,9,10,PHATE,3,0.002203413,-0.014206655,0.016410068,early_visual
10,10,11,PHATE,3,-0.001957851,-0.007689832,0.00573198,early_visual
11,11,12,PHATE,3,-0.019025606,-0.008454406,-0.010571199,early_visual
12,12,13,PHATE,3,-0.007904581,-0.010431641,0.002527061,early_visual
13,13,14,PHATE,3,-0.003303712,0.005799964,-0.009103676,early_visual
14,14,15,PHATE,3,-0.012991903,0.011013347,-0.02400525,early_visual
15,15,16,PHATE,3,-0.001141284,-0.015637004,0.01449572,early_visual
16,16,1,TPHATE,8,-0.004589451,-0.033054744,0.028465293,early_visual
17,17,2,TPHATE,8,0.023741824,-0.021203092,0.044944917,early_visual
18,18,3,TPHATE,8,-0.01930242,-0.009755613,-0.009546807,early_visual
19,19,4,TPHATE,8,-0.006116592,-0.018496991,0.012380398,early_visual
20,20,5,TPHATE,8,0.096860041,0.057956207,0.038903833,early_visual
21,21,6,TPHATE,8,0.014499769,0.02720049,-0.012700721,early_visual
22,22,7,TPHATE,8,0.11410598,0.029457397,0.084648584,early_visual
23,23,8,TPHATE,8,0.037231144,0.018166644,0.0190645,early_visual
24,24,9,TPHATE,8,0.044172491,0.010455447,0.033717044,early_visual
25,25,10,TPHATE,8,0.023173743,0.004062843,0.0191109,early_visual
26,26,11,TPHATE,8,0.003912896,-0.005876821,0.009789717,early_visual
27,27,12,TPHATE,8,-0.020704173,-0.015337774,-0.005366399,early_visual
28,28,13,TPHATE,8,-0.026451639,-0.001585037,-0.024866601,early_visual
29,29,14,TPHATE,8,0.116436283,0.050758763,0.06567752,early_visual
30,30,15,TPHATE,8,0.073732194,0.069085618,0.004646576,early_visual
31,31,16,TPHATE,8,0.073245684,-0.007950362,0.081196045,early_visual
32,32,1,UMAP,3,0.069940461,0.060125085,0.009815376,early_visual
33,33,2,UMAP,3,0.238847383,0.233272885,0.005574499,early_visual
34,34,3,UMAP,3,-0.012137412,-0.008235295,-0.003902117,early_visual
35,35,4,UMAP,3,-0.015526081,-0.005942169,-0.009583912,early_visual
36,36,5,UMAP,3,0.283388606,0.283085738,0.000302867,early_visual
37,37,6,UMAP,3,-0.002473925,-0.003950415,0.00147649,early_visual
38,38,7,UMAP,3,0.145494257,0.119839208,0.025655049,early_visual
39,39,8,UMAP,3,0.078281504,0.09022563,-0.011944126,early_visual
40,40,9,UMAP,3,0.027311608,0.026779613,0.000531996,early_visual
41,41,10,UMAP,3,0.319049131,0.311995116,0.007054014,early_visual
42,42,11,UMAP,3,0.144829845,0.156363939,-0.011534094,early_visual
43,43,12,UMAP,3,0.088462849,0.100944064,-0.012481215,early_visual
44,44,13,UMAP,3,0.075231303,0.073596096,0.001635207,early_visual
45,45,14,UMAP,3,0.336830443,0.336503959,0.000326484,early_visual
46,46,15,UMAP,3,0.093686002,0.129517597,-0.035831594,early_visual
47,47,16,UMAP,3,0.048960634,0.039887427,0.009073207,early_visual
48,48,1,PCA,3,-0.006465888,-0.014688684,0.008222797,early_visual
49,49,2,PCA,3,0.00179252,-0.008386423,0.010178943,early_visual
50,50,3,PCA,3,-0.01908979,-0.008805178,-0.010284613,early_visual
51,51,4,PCA,3,-0.023620999,-0.012251014,-0.011369985,early_visual
52,52,5,PCA,3,-0.006029194,-0.007957135,0.001927941,early_visual
53,53,6,PCA,3,-0.000317538,-0.003759161,0.003441623,early_visual
54,54,7,PCA,3,-0.010478332,-0.004278321,-0.00620001,early_visual
55,55,8,PCA,3,-0.01453801,-0.011686687,-0.002851323,early_visual
56,56,9,PCA,3,-0.013316217,-0.00875348,-0.004562737,early_visual
57,57,10,PCA,3,-0.011387868,-0.009904152,-0.001483716,early_visual
58,58,11,PCA,3,-0.007164434,-0.004143386,-0.003021048,early_visual
59,59,12,PCA,3,-0.016106041,-0.00329545,-0.012810591,early_visual
60,60,13,PCA,3,-0.009315085,-0.010564713,0.001249628,early_visual
61,61,14,PCA,3,-0.006878333,0.000829625,-0.007707959,early_visual
62,62,15,PCA,3,-0.010459217,0.005818616,-0.016277832,early_visual
63,63,16,PCA,3,0.003438748,-0.016158862,0.01959761,early_visual
64,64,1,LLE,3,-0.002691092,-0.010697053,0.008005961,early_visual
65,65,2,LLE,3,0.294025922,0.277738368,0.016287554,early_visual
66,66,3,LLE,3,-0.013469311,-0.002686737,-0.010782574,early_visual
67,67,4,LLE,3,-0.017934071,-0.01053118,-0.007402892,early_visual
68,68,5,LLE,3,0.010612675,0.008097623,0.002515051,early_visual
69,69,6,LLE,3,-0.00112305,0.014856915,-0.015979965,early_visual
70,70,7,LLE,3,-0.004960624,-0.009093146,0.004132522,early_visual
71,71,8,LLE,3,0.010892108,0.010759379,0.000132729,early_visual
72,72,9,LLE,3,0.020780471,-0.007163592,0.027944063,early_visual
73,73,10,LLE,3,0.017283301,-0.007194832,0.024478133,early_visual
74,74,11,LLE,3,0.021339546,0.026784396,-0.005444851,early_visual
75,75,12,LLE,3,-0.019481354,-0.004062614,-0.01541874,early_visual
76,76,13,LLE,3,0.028061723,0.023835349,0.004226374,early_visual
77,77,14,LLE,3,0.010310617,0.018961094,-0.008650478,early_visual
78,78,15,LLE,3,0.019606705,0.030514556,-0.010907851,early_visual
79,79,16,LLE,3,0.00889683,0.000958459,0.007938371,early_visual
80,80,1,ISOMAP,3,-0.009700383,-0.012593696,0.002893313,early_visual
81,81,2,ISOMAP,3,0.004393758,-0.007129016,0.011522775,early_visual
82,82,3,ISOMAP,3,-0.001695655,-0.009375656,0.007680002,early_visual
83,83,4,ISOMAP,3,-0.026739104,-0.013065408,-0.013673696,early_visual
84,84,5,ISOMAP,3,-0.010193866,-0.002501482,-0.007692384,early_visual
85,85,6,ISOMAP,3,-0.010027229,-0.004136951,-0.005890278,early_visual
86,86,7,ISOMAP,3,-0.01187769,-0.00347232,-0.00840537,early_visual
87,87,8,ISOMAP,3,-0.015244563,-0.011724027,-0.003520535,early_visual
88,88,9,ISOMAP,3,-0.009773556,-0.011539808,0.001766253,early_visual
89,89,10,ISOMAP,3,-0.008082435,-0.015720712,0.007638276,early_visual
90,90,11,ISOMAP,3,-0.005299977,-0.004682328,-0.000617649,early_visual
91,91,12,ISOMAP,3,-0.019021061,-0.003152229,-0.015868831,early_visual
92,92,13,ISOMAP,3,-0.008930197,-0.01160669,0.002676493,early_visual
93,93,14,ISOMAP,3,-0.007382817,-0.00489348,-0.002489337,early_visual
94,94,15,ISOMAP,3,-0.006943249,0.009348049,-0.016291298,early_visual
95,95,16,ISOMAP,3,0.001696221,-0.017050704,0.018746924,early_visual
96,96,1,SMOOTH_PHATE,3,3.11E-05,-0.02669214,0.026723252,early_visual
97,97,2,SMOOTH_PHATE,3,0.200945979,-0.03078172,0.231727699,early_visual
98,98,3,SMOOTH_PHATE,3,0.017969454,0.005354887,0.012614568,early_visual
99,99,4,SMOOTH_PHATE,3,-0.021461096,-0.024227159,0.002766063,early_visual
100,100,5,SMOOTH_PHATE,3,0.208902853,0.198287897,0.010614957,early_visual
101,101,6,SMOOTH_PHATE,3,0.090561173,0.048070875,0.042490298,early_visual
102,102,7,SMOOTH_PHATE,3,0.043510222,0.118377298,-0.074867076,early_visual
103,103,8,SMOOTH_PHATE,3,0.097159252,-0.012748237,0.10990749,early_visual
104,104,9,SMOOTH_PHATE,3,0.000433229,-0.017804095,0.018237324,early_visual
105,105,10,SMOOTH_PHATE,3,-0.007585678,-0.033407696,0.025822018,early_visual
106,106,11,SMOOTH_PHATE,3,0.061573052,0.049914296,0.011658755,early_visual
107,107,12,SMOOTH_PHATE,3,0.065076014,0.1667647,-0.101688686,early_visual
108,108,13,SMOOTH_PHATE,3,-0.00947843,-0.015401919,0.00592349,early_visual
109,109,14,SMOOTH_PHATE,3,0.098858608,0.147028123,-0.048169515,early_visual
110,110,15,SMOOTH_PHATE,3,0.157130782,0.05103581,0.106094972,early_visual
111,111,16,SMOOTH_PHATE,3,0.23800584,0.156022268,0.081983572,early_visual
112,112,1,PHATE_TIME,3,0.768679149,0.706745012,0.061934137,early_visual
113,113,2,PHATE_TIME,3,0.769522644,0.705708992,0.063813652,early_visual
114,114,3,PHATE_TIME,3,0.775021625,0.524488747,0.250532877,early_visual
115,115,4,PHATE_TIME,3,0.494685679,0.656357314,-0.161671635,early_visual
116,116,5,PHATE_TIME,3,0.630600088,0.815128576,-0.184528489,early_visual
117,117,6,PHATE_TIME,3,0.638389481,0.673015017,-0.034625535,early_visual
118,118,7,PHATE_TIME,3,0.569147589,0.633501099,-0.064353509,early_visual
119,119,8,PHATE_TIME,3,0.630021555,0.748934408,-0.118912854,early_visual
120,120,9,PHATE_TIME,3,0.742055846,0.698524022,0.043531823,early_visual
121,121,10,PHATE_TIME,3,0.647601544,0.772880881,-0.125279338,early_visual
122,122,11,PHATE_TIME,3,0.804636904,0.653600005,0.151036899,early_visual
123,123,12,PHATE_TIME,3,0.78488677,0.661152371,0.123734399,early_visual
124,124,13,PHATE_TIME,3,0.882980142,0.619287084,0.263693058,early_visual
125,125,14,PHATE_TIME,3,0.738671349,0.691379373,0.047291976,early_visual
126,126,15,PHATE_TIME,3,0.588679759,0.534225272,0.054454487,early_visual
127,127,16,PHATE_TIME,3,0.893577176,0.655150377,0.2384268,early_visual
128,128,1,TSNE,3,-0.006758572,-0.011308065,0.004549493,early_visual
129,129,2,TSNE,3,-0.002173884,-0.009817497,0.007643613,early_visual
130,130,3,TSNE,3,-0.010816554,-0.00720464,-0.003611914,early_visual
131,131,4,TSNE,3,-0.013715989,-0.000459592,-0.013256397,early_visual
132,132,5,TSNE,3,-0.007244422,-0.002579634,-0.004664788,early_visual
133,133,6,TSNE,3,-0.013852493,-0.005755603,-0.00809689,early_visual
134,134,7,TSNE,3,-0.007166891,-0.001484531,-0.00568236,early_visual
135,135,8,TSNE,3,-0.010308174,0.002194991,-0.012503166,early_visual
136,136,9,TSNE,3,-0.006479458,-0.008465407,0.001985949,early_visual
137,137,10,TSNE,3,-0.002957922,-0.018755982,0.01579806,early_visual
138,138,11,TSNE,3,-0.000405979,-0.004027512,0.003621533,early_visual
139,139,12,TSNE,3,-0.009224963,-0.004340471,-0.004884492,early_visual
140,140,13,TSNE,3,0.001586797,-0.013512519,0.015099316,early_visual
141,141,14,TSNE,3,-0.008028484,-0.002504619,-0.005523865,early_visual
142,142,15,TSNE,3,-0.000551998,-0.007251527,0.00669953,early_visual
143,143,16,TSNE,3,-0.004515019,-0.011898661,0.007383642,early_visual
144,144,1,voxel,307,-0.010494893,-0.015888147,0.005393254,early_visual
145,145,2,voxel,307,-0.009619945,-0.013127642,0.003507696,early_visual
146,146,3,voxel,307,-0.011453461,-0.010607394,-0.000846067,early_visual
147,147,4,voxel,307,-0.011653772,-0.01355921,0.001905437,early_visual
148,148,5,voxel,307,-0.007195384,-0.008020312,0.000824928,early_visual
149,149,6,voxel,307,-0.010935854,-0.010432054,-0.0005038,early_visual
150,150,7,voxel,307,-0.008152644,-0.011373872,0.003221229,early_visual
151,151,8,voxel,307,-0.010853998,-0.011350915,0.000496917,early_visual
152,152,9,voxel,307,-0.010310387,-0.01202309,0.001712703,early_visual
153,153,10,voxel,307,-0.007973804,-0.012396606,0.004422802,early_visual
154,154,11,voxel,307,-0.008737524,-0.004680772,-0.004056752,early_visual
155,155,12,voxel,307,-0.013223866,-0.009464793,-0.003759073,early_visual
156,156,13,voxel,307,-0.007520382,-0.01137652,0.003856138,early_visual
157,157,14,voxel,307,-0.003162635,-0.008618342,0.005455707,early_visual
158,158,15,voxel,307,-0.007418048,-0.009150233,0.001732185,early_visual
159,159,16,voxel,307,-0.000453371,-0.011942795,0.011489424,early_visual
0,0,1,PHATE,3,-0.014868757,-0.019901457,0.0050327,high_Visual
1,1,2,PHATE,3,-0.015502799,-0.00840821,-0.007094589,high_Visual
2,2,3,PHATE,3,-0.024178593,-0.009385884,-0.014792709,high_Visual
3,3,4,PHATE,3,-0.02163668,-0.037304523,0.015667843,high_Visual
4,4,5,PHATE,3,0.036733633,0.036749875,-1.62E-05,high_Visual
5,5,6,PHATE,3,-0.013735647,-0.017538795,0.003803148,high_Visual
6,6,7,PHATE,3,-0.007026921,-0.003112495,-0.003914426,high_Visual
7,7,8,PHATE,3,0.001603633,-0.005156577,0.00676021,high_Visual
8,8,9,PHATE,3,-0.010779246,-0.00703667,-0.003742576,high_Visual
9,9,10,PHATE,3,-0.017791821,-0.029184563,0.011392741,high_Visual
10,10,11,PHATE,3,-0.008188371,-0.0053221,-0.00286627,high_Visual
11,11,12,PHATE,3,-0.014513863,-0.010862754,-0.003651109,high_Visual
12,12,13,PHATE,3,-0.015628427,-0.01546413,-0.000164297,high_Visual
13,13,14,PHATE,3,0.043630823,-0.003058523,0.046689346,high_Visual
14,14,15,PHATE,3,0.052955547,-0.006482023,0.05943757,high_Visual
15,15,16,PHATE,3,-0.016398452,0.001164096,-0.017562548,high_Visual
16,16,1,TPHATE,9,0.040004164,0.007706059,0.032298105,high_Visual
17,17,2,TPHATE,9,-0.007824204,-0.008381605,0.000557401,high_Visual
18,18,3,TPHATE,6,-0.010619168,-0.010218228,-0.00040094,high_Visual
19,19,4,TPHATE,9,0.222867506,0.141331322,0.081536183,high_Visual
20,20,5,TPHATE,5,0.634462344,0.546954352,0.087507992,high_Visual
21,21,6,TPHATE,9,0.009380615,-0.005727428,0.015108043,high_Visual
22,22,7,TPHATE,6,0.004726149,0.038225919,-0.03349977,high_Visual
23,23,8,TPHATE,9,0.016895049,-0.024972469,0.041867519,high_Visual
24,24,9,TPHATE,9,-0.002058102,-0.004726197,0.002668095,high_Visual
25,25,10,TPHATE,9,0.153044001,0.023399291,0.12964471,high_Visual
26,26,11,TPHATE,6,0.285991688,0.363941087,-0.077949398,high_Visual
27,27,12,TPHATE,9,0.018126452,0.009872568,0.008253884,high_Visual
28,28,13,TPHATE,6,0.00436366,0.011817881,-0.007454221,high_Visual
29,29,14,TPHATE,9,0.32057155,0.252462551,0.068108999,high_Visual
30,30,15,TPHATE,5,0.33817007,0.295226962,0.042943108,high_Visual
31,31,16,TPHATE,5,0.430359982,0.465540123,-0.035180141,high_Visual
32,32,1,UMAP,4,0.719106627,0.710396606,0.008710021,high_Visual
33,33,2,UMAP,4,0.925674809,0.922829213,0.002845596,high_Visual
34,34,3,UMAP,4,0.06414101,0.076369464,-0.012228454,high_Visual
35,35,4,UMAP,4,0.405370506,0.408698667,-0.003328161,high_Visual
36,36,5,UMAP,4,0.81623805,0.902389126,-0.086151076,high_Visual
37,37,6,UMAP,4,0.281324716,0.255246698,0.026078018,high_Visual
38,38,7,UMAP,4,0.627978713,0.600312993,0.027665719,high_Visual
39,39,8,UMAP,4,0.321748605,0.299396206,0.022352399,high_Visual
40,40,9,UMAP,4,0.033055775,0.039239378,-0.006183603,high_Visual
41,41,10,UMAP,4,0.590342926,0.553559651,0.036783275,high_Visual
42,42,11,UMAP,4,0.369541028,0.351797731,0.017743297,high_Visual
43,43,12,UMAP,4,0.820987162,0.822351119,-0.001363957,high_Visual
44,44,13,UMAP,4,0.640711693,0.628209141,0.012502552,high_Visual
45,45,14,UMAP,4,0.402720476,0.37193585,0.030784626,high_Visual
46,46,15,UMAP,3,0.278110519,0.259583387,0.018527133,high_Visual
47,47,16,UMAP,4,0.915043082,0.923072035,-0.008028953,high_Visual
48,48,1,PCA,3,-0.021213612,-0.023364243,0.00215063,high_Visual
49,49,2,PCA,3,-0.014492396,-0.014053958,-0.000438438,high_Visual
50,50,3,PCA,3,-0.02118073,-0.015003971,-0.006176759,high_Visual
51,51,4,PCA,3,-0.038683473,-0.02998593,-0.008697543,high_Visual
52,52,5,PCA,3,0.000776337,-0.02292705,0.023703388,high_Visual
53,53,6,PCA,3,-0.017639085,-0.014735757,-0.002903328,high_Visual
54,54,7,PCA,3,-0.02025684,-0.012019375,-0.008237465,high_Visual
55,55,8,PCA,3,-0.003408843,-0.007876034,0.004467191,high_Visual
56,56,9,PCA,3,-0.010771941,-0.006339991,-0.00443195,high_Visual
57,57,10,PCA,3,-0.006963441,-0.016145065,0.009181624,high_Visual
58,58,11,PCA,3,-0.012979441,-0.002078387,-0.010901054,high_Visual
59,59,12,PCA,3,-0.006274888,-0.012310569,0.006035681,high_Visual
60,60,13,PCA,3,-0.014730556,-0.01533047,0.000599914,high_Visual
61,61,14,PCA,3,0.015711372,-0.029171583,0.044882955,high_Visual
62,62,15,PCA,3,0.00134309,-0.012710261,0.014053351,high_Visual
63,63,16,PCA,3,-0.006457543,-0.013261233,0.00680369,high_Visual
64,64,1,LLE,3,0.016665775,0.034387573,-0.017721798,high_Visual
65,65,2,LLE,5,-0.00107128,-0.011048458,0.009977179,high_Visual
66,66,3,LLE,5,-0.003370856,6.44E-05,-0.00343528,high_Visual
67,67,4,LLE,5,-0.021036859,0.013328847,-0.034365706,high_Visual
68,68,5,LLE,3,0.002587397,0.025723764,-0.023136367,high_Visual
69,69,6,LLE,5,-0.000880143,0.010185447,-0.01106559,high_Visual
70,70,7,LLE,3,0.167274458,0.189559142,-0.022284684,high_Visual
71,71,8,LLE,5,0.015592288,-0.002138801,0.017731089,high_Visual
72,72,9,LLE,5,-0.001951919,0.007912613,-0.009864532,high_Visual
73,73,10,LLE,5,0.011389515,0.000960063,0.010429452,high_Visual
74,74,11,LLE,5,0.00099897,0.009130036,-0.008131067,high_Visual
75,75,12,LLE,5,0.010091717,-0.007010632,0.017102348,high_Visual
76,76,13,LLE,5,0.006851743,-0.014340426,0.021192169,high_Visual
77,77,14,LLE,3,0.15437584,0.119198962,0.035176877,high_Visual
78,78,15,LLE,3,0.913664037,0.907842391,0.005821646,high_Visual
79,79,16,LLE,5,7.04E-05,-0.005280149,0.005350536,high_Visual
80,80,1,ISOMAP,10,-0.001162794,-0.022580763,0.021417969,high_Visual
81,81,2,ISOMAP,10,-0.005079722,-0.011786265,0.006706542,high_Visual
82,82,3,ISOMAP,10,-0.010995647,-0.010292585,-0.000703062,high_Visual
83,83,4,ISOMAP,10,-0.020499766,-0.005509266,-0.014990501,high_Visual
84,84,5,ISOMAP,10,-0.00667749,-0.017125905,0.010448415,high_Visual
85,85,6,ISOMAP,10,-0.011923436,-0.015193553,0.003270117,high_Visual
86,86,7,ISOMAP,3,-0.016101795,-0.013183451,-0.002918344,high_Visual
87,87,8,ISOMAP,10,0.000886533,-0.01565139,0.016537923,high_Visual
88,88,9,ISOMAP,10,-0.009663119,-0.010766239,0.00110312,high_Visual
89,89,10,ISOMAP,10,-0.012165815,-0.019529816,0.007364001,high_Visual
90,90,11,ISOMAP,10,-0.012544527,-0.003470908,-0.009073619,high_Visual
91,91,12,ISOMAP,10,-0.007771554,-0.01389248,0.006120926,high_Visual
92,92,13,ISOMAP,10,-0.006508169,-0.013871639,0.00736347,high_Visual
93,93,14,ISOMAP,10,0.036486096,0.000619859,0.035866237,high_Visual
94,94,15,ISOMAP,3,-0.010873364,-0.018141189,0.007267825,high_Visual
95,95,16,ISOMAP,10,-0.002200327,-0.00909651,0.006896183,high_Visual
96,96,1,SMOOTH_PHATE,4,0.549457927,0.357363527,0.192094399,high_Visual
97,97,2,SMOOTH_PHATE,4,0.338455231,0.189986215,0.148469017,high_Visual
98,98,3,SMOOTH_PHATE,4,0.028274049,0.040255882,-0.011981833,high_Visual
99,99,4,SMOOTH_PHATE,4,0.377125801,0.180896522,0.196229279,high_Visual
100,100,5,SMOOTH_PHATE,4,-0.009687622,0.060314347,-0.070001969,high_Visual
101,101,6,SMOOTH_PHATE,4,0.047556316,-0.014312375,0.061868691,high_Visual
102,102,7,SMOOTH_PHATE,4,0.523608812,0.613407239,-0.089798427,high_Visual
103,103,8,SMOOTH_PHATE,4,0.147198333,0.085822845,0.061375488,high_Visual
104,104,9,SMOOTH_PHATE,4,0.058003497,0.000622762,0.057380735,high_Visual
105,105,10,SMOOTH_PHATE,4,0.007331445,0.191639641,-0.184308196,high_Visual
106,106,11,SMOOTH_PHATE,4,0.03584261,0.081894225,-0.046051615,high_Visual
107,107,12,SMOOTH_PHATE,4,0.017996137,-0.019866514,0.03786265,high_Visual
108,108,13,SMOOTH_PHATE,4,0.020948573,0.01202689,0.008921683,high_Visual
109,109,14,SMOOTH_PHATE,4,0.429551391,0.446818273,-0.017266882,high_Visual
110,110,15,SMOOTH_PHATE,4,0.574400448,0.514431151,0.059969296,high_Visual
111,111,16,SMOOTH_PHATE,4,0.018439006,0.126086596,-0.107647591,high_Visual
112,112,1,PHATE_TIME,4,0.630050823,0.29712784,0.332922983,high_Visual
113,113,2,PHATE_TIME,3,0.579639241,0.717993139,-0.138353899,high_Visual
114,114,3,PHATE_TIME,4,0.658543006,0.414477163,0.244065843,high_Visual
115,115,4,PHATE_TIME,4,0.717267039,0.60618645,0.111080589,high_Visual
116,116,5,PHATE_TIME,4,0.580496243,0.484813969,0.095682274,high_Visual
117,117,6,PHATE_TIME,4,0.633373025,0.660823586,-0.027450561,high_Visual
118,118,7,PHATE_TIME,4,0.391470527,0.566924075,-0.175453548,high_Visual
119,119,8,PHATE_TIME,4,0.663478985,0.466726856,0.196752129,high_Visual
120,120,9,PHATE_TIME,4,0.597773846,0.752920624,-0.155146778,high_Visual
121,121,10,PHATE_TIME,4,0.583375604,0.712060719,-0.128685115,high_Visual
122,122,11,PHATE_TIME,3,0.539187736,0.39344226,0.145745477,high_Visual
123,123,12,PHATE_TIME,4,0.736472712,0.453460747,0.283011965,high_Visual
124,124,13,PHATE_TIME,4,0.624996385,0.565228051,0.059768334,high_Visual
125,125,14,PHATE_TIME,3,0.697964552,0.682615024,0.015349527,high_Visual
126,126,15,PHATE_TIME,4,0.547224235,0.522437201,0.024787035,high_Visual
127,127,16,PHATE_TIME,4,0.691823003,0.647956878,0.043866124,high_Visual
128,128,1,TSNE,3,0.003106351,-0.021082461,0.024188812,high_Visual
129,129,2,TSNE,3,-0.003192193,0.001394719,-0.004586912,high_Visual
130,130,3,TSNE,3,-0.018713064,-0.005897826,-0.012815238,high_Visual
131,131,4,TSNE,3,-0.023982003,-0.021335202,-0.002646801,high_Visual
132,132,5,TSNE,3,0.009002894,-0.021790083,0.030792977,high_Visual
133,133,6,TSNE,3,-0.014470202,-0.007070247,-0.007399955,high_Visual
134,134,7,TSNE,3,-0.008739815,-0.008807049,6.72E-05,high_Visual
135,135,8,TSNE,3,0.002666008,-0.017277526,0.019943535,high_Visual
136,136,9,TSNE,3,-0.013923303,-0.010033703,-0.0038896,high_Visual
137,137,10,TSNE,3,-0.006472648,-0.00659358,0.000120932,high_Visual
138,138,11,TSNE,3,-0.009368063,0.000200746,-0.009568809,high_Visual
139,139,12,TSNE,3,-0.008286129,-0.015324981,0.007038851,high_Visual
140,140,13,TSNE,3,0.004561022,-0.017200429,0.021761451,high_Visual
141,141,14,TSNE,3,0.006923913,-0.02100439,0.027928303,high_Visual
142,142,15,TSNE,3,0.075562728,0.013603413,0.061959315,high_Visual
143,143,16,TSNE,3,-0.005478118,-0.013041836,0.007563718,high_Visual
144,144,1,voxel,571,-0.011577014,-0.021265628,0.009688614,high_Visual
145,145,2,voxel,571,-0.009829304,-0.010849092,0.001019787,high_Visual
146,146,3,voxel,571,-0.010580786,-0.011622762,0.001041976,high_Visual
147,147,4,voxel,571,-0.026874341,-0.021662582,-0.005211758,high_Visual
148,148,5,voxel,571,-0.010032706,-0.016963439,0.006930733,high_Visual
149,149,6,voxel,571,-0.008731346,-0.019242212,0.010510866,high_Visual
150,150,7,voxel,571,-0.013333603,-0.016918104,0.003584501,high_Visual
151,151,8,voxel,571,-0.005935356,-0.013550661,0.007615305,high_Visual
152,152,9,voxel,571,-0.008305189,-0.009914172,0.001608983,high_Visual
153,153,10,voxel,571,-0.013085744,-0.017642933,0.004557189,high_Visual
154,154,11,voxel,571,-0.014353385,-0.0038261,-0.010527284,high_Visual
155,155,12,voxel,571,-0.008622797,-0.018275373,0.009652576,high_Visual
156,156,13,voxel,571,-0.006980514,-0.011941191,0.004960676,high_Visual
157,157,14,voxel,571,0.001431828,-0.014809635,0.016241462,high_Visual
158,158,15,voxel,571,0.007835928,-0.019378896,0.027214824,high_Visual
159,159,16,voxel,571,-0.002500489,-0.011408038,0.008907549,high_Visual
0,0,1,PHATE,3,0.009078989,-0.026431325,0.035510314,aud_early
1,1,2,PHATE,3,0.015814219,-0.007064337,0.022878556,aud_early
2,2,3,PHATE,3,-0.005981985,-0.031228186,0.025246202,aud_early
3,3,4,PHATE,3,-0.017962527,-0.024267417,0.00630489,aud_early
4,4,5,PHATE,3,0.053937872,0.06348742,-0.009549548,aud_early
5,5,6,PHATE,3,-0.018472704,-0.014047611,-0.004425093,aud_early
6,6,7,PHATE,3,-0.013147406,0.008771237,-0.021918643,aud_early
7,7,8,PHATE,3,-0.017431696,-0.017388834,-4.29E-05,aud_early
8,8,9,PHATE,3,-0.00561869,-0.031380135,0.025761445,aud_early
9,9,10,PHATE,6,-0.012902247,-0.025593639,0.012691392,aud_early
10,10,11,PHATE,3,-0.015991728,-0.019715379,0.003723651,aud_early
11,11,12,PHATE,3,0.004270786,-0.013891502,0.018162287,aud_early
12,12,13,PHATE,3,-0.007095646,-0.027290322,0.020194677,aud_early
13,13,14,PHATE,3,0.016980518,0.023324936,-0.006344418,aud_early
14,14,15,PHATE,3,0.0094351,0.013292723,-0.003857622,aud_early
15,15,16,PHATE,3,-0.008428546,-0.029059946,0.0206314,aud_early
16,16,1,TPHATE,3,0.481383928,0.326060645,0.155323283,aud_early
17,17,2,TPHATE,3,0.01230796,0.037730933,-0.025422973,aud_early
18,18,3,TPHATE,6,0.254217555,0.204472677,0.049744878,aud_early
19,19,4,TPHATE,6,0.285137011,0.308667748,-0.023530736,aud_early
20,20,5,TPHATE,3,0.07417664,-0.012874411,0.087051051,aud_early
21,21,6,TPHATE,3,0.045426056,0.162072044,-0.116645988,aud_early
22,22,7,TPHATE,6,0.433643598,0.329424345,0.104219253,aud_early
23,23,8,TPHATE,3,0.069223583,-0.060244233,0.129467816,aud_early
24,24,9,TPHATE,3,0.053800742,0.023601993,0.030198749,aud_early
25,25,10,TPHATE,3,0.463213711,0.460139608,0.003074103,aud_early
26,26,11,TPHATE,3,0.064628687,-0.035927587,0.100556274,aud_early
27,27,12,TPHATE,3,-0.003825248,0.048179172,-0.05200442,aud_early
28,28,13,TPHATE,3,0.03107116,-0.041203611,0.072274771,aud_early
29,29,14,TPHATE,3,0.635406377,0.599887531,0.035518846,aud_early
30,30,15,TPHATE,3,0.263368312,0.320476185,-0.057107873,aud_early
31,31,16,TPHATE,3,0.079381249,0.008680087,0.070701162,aud_early
32,32,1,UMAP,4,0.479651505,0.46478273,0.014868775,aud_early
33,33,2,UMAP,3,0.714485439,0.684297646,0.030187793,aud_early
34,34,3,UMAP,3,0.840117241,0.812275044,0.027842197,aud_early
35,35,4,UMAP,4,0.19898407,0.206425149,-0.007441079,aud_early
36,36,5,UMAP,3,0.762762486,0.850456984,-0.087694497,aud_early
37,37,6,UMAP,3,0.724844144,0.712109224,0.012734921,aud_early
38,38,7,UMAP,3,0.829588348,0.826613931,0.002974416,aud_early
39,39,8,UMAP,4,0.658385363,0.652055065,0.006330297,aud_early
40,40,9,UMAP,3,0.660554405,0.656652998,0.003901407,aud_early
41,41,10,UMAP,3,0.313324067,0.236008572,0.077315495,aud_early
42,42,11,UMAP,3,0.684908581,0.664737967,0.020170614,aud_early
43,43,12,UMAP,3,0.583094198,0.544318827,0.038775371,aud_early
44,44,13,UMAP,3,0.315690895,0.269802366,0.045888529,aud_early
45,45,14,UMAP,3,0.85326032,0.860624016,-0.007363696,aud_early
46,46,15,UMAP,3,0.250786332,0.184543061,0.066243271,aud_early
47,47,16,UMAP,3,0.564023498,0.557401444,0.006622054,aud_early
48,48,1,PCA,3,-0.001922123,-0.001086716,-0.000835407,aud_early
49,49,2,PCA,3,-0.000999212,-0.013178851,0.012179639,aud_early
50,50,3,PCA,3,0.010952827,-0.015195654,0.026148482,aud_early
51,51,4,PCA,3,-0.018920557,-0.015586429,-0.003334128,aud_early
52,52,5,PCA,3,-0.017123057,-0.008013483,-0.009109573,aud_early
53,53,6,PCA,3,-0.019485092,-0.013527385,-0.005957708,aud_early
54,54,7,PCA,3,0.027842526,-0.005000628,0.032843154,aud_early
55,55,8,PCA,3,-0.019756116,-0.021519988,0.001763872,aud_early
56,56,9,PCA,4,-0.013107948,-0.022756333,0.009648385,aud_early
57,57,10,PCA,3,-0.003242762,-0.021688674,0.018445913,aud_early
58,58,11,PCA,4,-0.016075725,-0.0182445,0.002168775,aud_early
59,59,12,PCA,3,-0.011897522,-0.032028362,0.02013084,aud_early
60,60,13,PCA,3,0.001502841,-0.024256423,0.025759265,aud_early
61,61,14,PCA,3,-0.005999125,0.012732008,-0.018731133,aud_early
62,62,15,PCA,3,-0.011951272,-0.011040169,-0.000911102,aud_early
63,63,16,PCA,3,0.007773817,-0.022543773,0.03031759,aud_early
64,64,1,LLE,8,0.259687531,0.271301494,-0.011613963,aud_early
65,65,2,LLE,9,0.000494912,-0.006363068,0.00685798,aud_early
66,66,3,LLE,8,0.045724216,0.018745011,0.026979205,aud_early
67,67,4,LLE,9,0.02103754,0.019044243,0.001993296,aud_early
68,68,5,LLE,9,0.018404431,0.008642998,0.009761434,aud_early
69,69,6,LLE,9,-0.005900812,0.00328524,-0.009186052,aud_early
70,70,7,LLE,8,0.416974691,0.359108177,0.057866514,aud_early
71,71,8,LLE,9,0.006718032,-0.000645694,0.007363726,aud_early
72,72,9,LLE,8,0.005512596,-0.009566303,0.015078899,aud_early
73,73,10,LLE,9,0.012717502,0.007933901,0.004783601,aud_early
74,74,11,LLE,9,-0.01133976,-0.000481858,-0.010857902,aud_early
75,75,12,LLE,8,0.00654082,-0.016268806,0.022809627,aud_early
76,76,13,LLE,9,-0.001252306,-0.008594658,0.007342352,aud_early
77,77,14,LLE,8,0.261021904,0.251752318,0.009269586,aud_early
78,78,15,LLE,9,0.395561706,0.349179955,0.046381752,aud_early
79,79,16,LLE,9,0.011345792,-0.002613824,0.013959616,aud_early
80,80,1,ISOMAP,3,0.015769853,-0.037461366,0.053231219,aud_early
81,81,2,ISOMAP,3,-0.003091729,-0.024421298,0.021329569,aud_early
82,82,3,ISOMAP,3,-0.008777875,-0.01103036,0.002252486,aud_early
83,83,4,ISOMAP,3,-0.019818343,-0.011993437,-0.007824905,aud_early
84,84,5,ISOMAP,3,-0.019814404,-0.035398367,0.015583963,aud_early
85,85,6,ISOMAP,3,-0.007249446,0.003558814,-0.01080826,aud_early
86,86,7,ISOMAP,3,0.000162216,-0.018371152,0.018533369,aud_early
87,87,8,ISOMAP,3,-0.008895467,-0.02512241,0.016226944,aud_early
88,88,9,ISOMAP,3,-0.01623723,-0.023124929,0.006887699,aud_early
89,89,10,ISOMAP,3,-0.009516787,-0.021092111,0.011575324,aud_early
90,90,11,ISOMAP,3,-0.020612867,-0.020563762,-4.91E-05,aud_early
91,91,12,ISOMAP,3,-0.013237039,-0.031157126,0.017920087,aud_early
92,92,13,ISOMAP,3,-0.006276512,-0.025298017,0.019021505,aud_early
93,93,14,ISOMAP,3,0.004037061,0.017495183,-0.013458122,aud_early
94,94,15,ISOMAP,3,-0.00297562,-0.01188376,0.00890814,aud_early
95,95,16,ISOMAP,3,0.004897254,-0.02745828,0.032355534,aud_early
96,96,1,SMOOTH_PHATE,3,0.163531337,0.116549601,0.046981736,aud_early
97,97,2,SMOOTH_PHATE,3,0.73214345,0.694317663,0.037825787,aud_early
98,98,3,SMOOTH_PHATE,3,0.296170724,0.50276802,-0.206597296,aud_early
99,99,4,SMOOTH_PHATE,3,0.371803905,0.514429233,-0.142625328,aud_early
100,100,5,SMOOTH_PHATE,3,0.64662422,0.735928235,-0.089304015,aud_early
101,101,6,SMOOTH_PHATE,3,0.728209756,0.592782041,0.135427715,aud_early
102,102,7,SMOOTH_PHATE,3,0.669095339,0.625414619,0.04368072,aud_early
103,103,8,SMOOTH_PHATE,3,0.66940404,0.814344996,-0.144940956,aud_early
104,104,9,SMOOTH_PHATE,3,0.465532371,0.44351897,0.022013401,aud_early
105,105,10,SMOOTH_PHATE,3,0.514655722,0.499780979,0.014874743,aud_early
106,106,11,SMOOTH_PHATE,3,0.748797731,0.778592299,-0.029794568,aud_early
107,107,12,SMOOTH_PHATE,3,0.768109897,0.763432539,0.004677358,aud_early
108,108,13,SMOOTH_PHATE,3,0.07245164,0.096116977,-0.023665337,aud_early
109,109,14,SMOOTH_PHATE,3,0.304138412,0.463920754,-0.159782341,aud_early
110,110,15,SMOOTH_PHATE,3,0.388942615,0.613546453,-0.224603838,aud_early
111,111,16,SMOOTH_PHATE,3,0.687676037,0.508907433,0.178768604,aud_early
112,112,1,PHATE_TIME,4,0.585893327,0.599334847,-0.01344152,aud_early
113,113,2,PHATE_TIME,4,0.829410374,0.516255156,0.313155219,aud_early
114,114,3,PHATE_TIME,4,0.608499429,0.475386009,0.133113421,aud_early
115,115,4,PHATE_TIME,4,0.627625607,0.678973109,-0.051347501,aud_early
116,116,5,PHATE_TIME,4,0.701768561,0.666590158,0.035178403,aud_early
117,117,6,PHATE_TIME,4,0.741971376,0.722413698,0.019557679,aud_early
118,118,7,PHATE_TIME,4,0.560718164,0.663582776,-0.102864612,aud_early
119,119,8,PHATE_TIME,3,0.718490825,0.656175673,0.062315153,aud_early
120,120,9,PHATE_TIME,4,0.561300653,0.677103994,-0.115803341,aud_early
121,121,10,PHATE_TIME,4,0.717775129,0.616051122,0.101724007,aud_early
122,122,11,PHATE_TIME,4,0.802288942,0.604483618,0.197805324,aud_early
123,123,12,PHATE_TIME,4,0.800242692,0.676038469,0.124204223,aud_early
124,124,13,PHATE_TIME,4,0.759215322,0.637628451,0.121586871,aud_early
125,125,14,PHATE_TIME,4,0.683207184,0.606300383,0.076906802,aud_early
126,126,15,PHATE_TIME,4,0.720848321,0.399785984,0.321062337,aud_early
127,127,16,PHATE_TIME,4,0.69853036,0.649033755,0.049496605,aud_early
128,128,1,TSNE,3,0.009727161,0.044130721,-0.03440356,aud_early
129,129,2,TSNE,3,-0.006545831,-0.008835995,0.002290164,aud_early
130,130,3,TSNE,3,0.013551548,-0.026932339,0.040483887,aud_early
131,131,4,TSNE,3,-0.012627779,-0.000110826,-0.012516953,aud_early
132,132,5,TSNE,3,0.016363531,-0.013954384,0.030317915,aud_early
133,133,6,TSNE,3,-0.010777138,-0.002647075,-0.008130063,aud_early
134,134,7,TSNE,3,0.035999898,0.021407259,0.014592639,aud_early
135,135,8,TSNE,3,8.04E-05,-0.020240258,0.020320613,aud_early
136,136,9,TSNE,3,-0.007537872,-0.020127342,0.012589471,aud_early
137,137,10,TSNE,3,0.005091532,-0.012515906,0.017607438,aud_early
138,138,11,TSNE,3,-0.01191933,-0.008271336,-0.003647994,aud_early
139,139,12,TSNE,3,-0.004886097,-0.016587043,0.011700945,aud_early
140,140,13,TSNE,3,-0.000130022,-0.011517524,0.011387502,aud_early
141,141,14,TSNE,3,0.048631818,0.061217877,-0.012586059,aud_early
142,142,15,TSNE,3,0.031211574,0.018597729,0.012613845,aud_early
143,143,16,TSNE,3,-0.010158032,-0.015405864,0.005247832,aud_early
144,144,1,voxel,1018,-0.001026188,-0.017042758,0.016016569,aud_early
145,145,2,voxel,1018,-0.007895213,-0.011392333,0.00349712,aud_early
146,146,3,voxel,1018,0.002455298,-0.017988789,0.020444088,aud_early
147,147,4,voxel,1018,-0.018005827,-0.012263295,-0.005742532,aud_early
148,148,5,voxel,1018,-0.008327473,-0.016079389,0.007751915,aud_early
149,149,6,voxel,1018,-0.009828283,-0.014333753,0.00450547,aud_early
150,150,7,voxel,1018,0.001021749,-0.014671588,0.015693337,aud_early
151,151,8,voxel,1018,-0.00423532,-0.020431829,0.016196509,aud_early
152,152,9,voxel,1018,-0.008643381,-0.01581119,0.00716781,aud_early
153,153,10,voxel,1018,-0.0097937,-0.018452801,0.008659101,aud_early
154,154,11,voxel,1018,-0.014359919,-0.0100608,-0.00429912,aud_early
155,155,12,voxel,1018,-0.008905231,-0.015819447,0.006914217,aud_early
156,156,13,voxel,1018,-0.003529281,-0.016317064,0.012787783,aud_early
157,157,14,voxel,1018,-0.010948993,-0.006721823,-0.00422717,aud_early
158,158,15,voxel,1018,0.004217296,-0.019388887,0.023606183,aud_early
159,159,16,voxel,1018,-0.000166202,-0.016279217,0.016113016,aud_early
0,0,1,PHATE,3,-0.02295509,-0.017487888,-0.005467202,pmc_nn
1,1,2,PHATE,3,0.005866131,-0.031563291,0.037429423,pmc_nn
2,2,3,PHATE,3,0.001819658,-0.019940612,0.02176027,pmc_nn
3,3,4,PHATE,3,-0.017429175,-0.020645414,0.003216239,pmc_nn
4,4,5,PHATE,3,-7.39E-05,-0.01520359,0.015129707,pmc_nn
5,5,6,PHATE,3,0.014524509,-0.021328198,0.035852707,pmc_nn
6,6,7,PHATE,3,0.006943441,-0.014716312,0.021659753,pmc_nn
7,7,8,PHATE,3,0.000171657,-0.01059966,0.010771318,pmc_nn
8,8,9,PHATE,3,-0.001488349,-0.012291788,0.010803439,pmc_nn
9,9,10,PHATE,3,-0.008279849,-0.016580713,0.008300863,pmc_nn
10,10,11,PHATE,3,-0.013964545,-0.012594087,-0.001370458,pmc_nn
11,11,12,PHATE,3,-0.009595421,-0.023560358,0.013964937,pmc_nn
12,12,13,PHATE,3,-0.003106951,-0.01707207,0.013965119,pmc_nn
13,13,14,PHATE,3,-0.006298383,-0.00732178,0.001023397,pmc_nn
14,14,15,PHATE,3,-0.007076959,-0.003752436,-0.003324523,pmc_nn
15,15,16,PHATE,3,-0.009351943,-0.005059346,-0.004292596,pmc_nn
16,16,1,TPHATE,4,-0.006785231,-0.077655767,0.070870536,pmc_nn
17,17,2,TPHATE,4,0.034747855,-0.009676758,0.044424614,pmc_nn
18,18,3,TPHATE,4,0.026072749,-0.037390833,0.063463582,pmc_nn
19,19,4,TPHATE,6,0.079507421,0.012029128,0.067478293,pmc_nn
20,20,5,TPHATE,4,0.0888553,0.043130838,0.045724462,pmc_nn
21,21,6,TPHATE,4,0.057599282,-0.05001337,0.107612652,pmc_nn
22,22,7,TPHATE,4,0.190254481,0.126321306,0.063933175,pmc_nn
23,23,8,TPHATE,4,0.168907798,0.051746156,0.117161642,pmc_nn
24,24,9,TPHATE,4,0.021205116,-0.021489434,0.042694551,pmc_nn
25,25,10,TPHATE,4,-0.001864603,-0.034145122,0.032280519,pmc_nn
26,26,11,TPHATE,4,-0.04266563,-0.026684152,-0.015981478,pmc_nn
27,27,12,TPHATE,4,-0.003547259,-0.041512636,0.037965377,pmc_nn
28,28,13,TPHATE,4,0.040964563,-0.026320489,0.067285052,pmc_nn
29,29,14,TPHATE,4,0.051752352,0.003268861,0.048483491,pmc_nn
30,30,15,TPHATE,4,0.251906932,0.098992564,0.152914368,pmc_nn
31,31,16,TPHATE,4,0.073071885,-0.034885818,0.107957703,pmc_nn
32,32,1,UMAP,5,0.346371842,0.335706077,0.010665765,pmc_nn
33,33,2,UMAP,5,0.495726412,0.501541374,-0.005814962,pmc_nn
34,34,3,UMAP,5,0.49546815,0.487269535,0.008198615,pmc_nn
35,35,4,UMAP,5,0.291503436,0.301721258,-0.010217821,pmc_nn
36,36,5,UMAP,5,0.522357158,0.548551853,-0.026194695,pmc_nn
37,37,6,UMAP,5,0.688371818,0.659942844,0.028428974,pmc_nn
38,38,7,UMAP,5,0.431905186,0.417954048,0.013951138,pmc_nn
39,39,8,UMAP,5,0.506724409,0.493327591,0.013396818,pmc_nn
40,40,9,UMAP,5,0.718179802,0.713077333,0.005102468,pmc_nn
41,41,10,UMAP,5,0.491638465,0.492473435,-0.00083497,pmc_nn
42,42,11,UMAP,5,0.175112027,0.173626432,0.001485595,pmc_nn
43,43,12,UMAP,5,0.530410283,0.507230572,0.023179711,pmc_nn
44,44,13,UMAP,5,0.741523658,0.725895127,0.01562853,pmc_nn
45,45,14,UMAP,5,0.432479999,0.434706012,-0.002226013,pmc_nn
46,46,15,UMAP,5,0.689613824,0.677871704,0.011742121,pmc_nn
47,47,16,UMAP,5,0.45778359,0.418857591,0.038925998,pmc_nn
48,48,1,PCA,3,-0.010102573,-0.011300047,0.001197474,pmc_nn
49,49,2,PCA,3,-0.01571732,-0.016920662,0.001203342,pmc_nn
50,50,3,PCA,3,-0.004261513,-0.032220746,0.027959234,pmc_nn
51,51,4,PCA,3,-0.01753574,-0.022315893,0.004780153,pmc_nn
52,52,5,PCA,3,-0.004750714,-0.025015611,0.020264896,pmc_nn
53,53,6,PCA,3,0.007089467,-0.02334734,0.030436807,pmc_nn
54,54,7,PCA,3,0.010529874,-0.023298899,0.033828773,pmc_nn
55,55,8,PCA,3,-0.003082231,-0.012982115,0.009899884,pmc_nn
56,56,9,PCA,3,-0.001174227,-0.010761406,0.009587179,pmc_nn
57,57,10,PCA,3,-0.012340052,-0.014900047,0.002559995,pmc_nn
58,58,11,PCA,3,-0.013174405,-0.012591938,-0.000582467,pmc_nn
59,59,12,PCA,3,7.67E-05,-0.015212656,0.015289365,pmc_nn
60,60,13,PCA,3,-0.002747753,-0.019152176,0.016404423,pmc_nn
61,61,14,PCA,3,-0.007699916,-0.002138686,-0.00556123,pmc_nn
62,62,15,PCA,3,-0.017367685,-0.001960624,-0.015407061,pmc_nn
63,63,16,PCA,3,-0.012627644,-0.00173088,-0.010896764,pmc_nn
64,64,1,LLE,3,-0.008732657,0.01516986,-0.023902517,pmc_nn
65,65,2,LLE,3,-0.004228192,-0.01500681,0.010778618,pmc_nn
66,66,3,LLE,3,0.006027876,-0.022735526,0.028763402,pmc_nn
67,67,4,LLE,3,-0.014515073,-0.006558837,-0.007956236,pmc_nn
68,68,5,LLE,3,0.03458781,0.016056483,0.018531327,pmc_nn
69,69,6,LLE,3,0.019346145,0.002227292,0.017118853,pmc_nn
70,70,7,LLE,6,0.030179319,-0.010158942,0.040338261,pmc_nn
71,71,8,LLE,3,-0.004631123,-0.004468486,-0.000162637,pmc_nn
72,72,9,LLE,3,0.023501481,-0.00389724,0.027398721,pmc_nn
73,73,10,LLE,3,0.001300361,-0.007557396,0.008857757,pmc_nn
74,74,11,LLE,3,-0.011179226,-0.004426353,-0.006752873,pmc_nn
75,75,12,LLE,6,0.00273825,-0.001344609,0.00408286,pmc_nn
76,76,13,LLE,3,0.03894793,0.031120882,0.007827049,pmc_nn
77,77,14,LLE,3,0.01744112,0.017121474,0.000319645,pmc_nn
78,78,15,LLE,3,0.011161673,0.014180036,-0.003018362,pmc_nn
79,79,16,LLE,3,0.003221281,0.005252061,-0.00203078,pmc_nn
80,80,1,ISOMAP,3,-0.014548972,-0.015114216,0.000565244,pmc_nn
81,81,2,ISOMAP,3,0.004151064,-0.030571333,0.034722397,pmc_nn
82,82,3,ISOMAP,3,0.000783357,-0.014255072,0.01503843,pmc_nn
83,83,4,ISOMAP,3,-0.019978944,-0.022866775,0.002887831,pmc_nn
84,84,5,ISOMAP,3,-0.003386224,-0.016461056,0.013074833,pmc_nn
85,85,6,ISOMAP,3,0.014306378,-0.021130298,0.035436676,pmc_nn
86,86,7,ISOMAP,3,0.005106832,-0.020343156,0.025449988,pmc_nn
87,87,8,ISOMAP,3,-0.003574107,-0.009416432,0.005842325,pmc_nn
88,88,9,ISOMAP,3,-0.003861737,-0.007914019,0.004052282,pmc_nn
89,89,10,ISOMAP,3,-0.007052556,-0.019473933,0.012421377,pmc_nn
90,90,11,ISOMAP,3,-0.014276506,-0.013849045,-0.000427461,pmc_nn
91,91,12,ISOMAP,3,0.000835445,-0.022090817,0.022926262,pmc_nn
92,92,13,ISOMAP,3,0.0019134,-0.010016782,0.011930181,pmc_nn
93,93,14,ISOMAP,3,-0.003920724,-0.006900105,0.002979381,pmc_nn
94,94,15,ISOMAP,3,-0.008171938,0.000179239,-0.008351177,pmc_nn
95,95,16,ISOMAP,3,-0.010932626,-0.007439016,-0.00349361,pmc_nn
96,96,1,SMOOTH_PHATE,3,0.173730242,0.099877589,0.073852653,pmc_nn
97,97,2,SMOOTH_PHATE,4,0.07270918,0.024184731,0.048524449,pmc_nn
98,98,3,SMOOTH_PHATE,3,0.177579265,0.12453128,0.053047985,pmc_nn
99,99,4,SMOOTH_PHATE,4,0.400592755,0.518042507,-0.117449752,pmc_nn
100,100,5,SMOOTH_PHATE,4,0.068325718,0.085956696,-0.017630978,pmc_nn
101,101,6,SMOOTH_PHATE,4,0.045457666,0.083616479,-0.038158813,pmc_nn
102,102,7,SMOOTH_PHATE,4,0.644428768,0.540079637,0.104349131,pmc_nn
103,103,8,SMOOTH_PHATE,3,0.333800521,0.253387663,0.080412859,pmc_nn
104,104,9,SMOOTH_PHATE,4,0.100143421,0.125261109,-0.025117688,pmc_nn
105,105,10,SMOOTH_PHATE,4,0.060674271,0.004698886,0.055975385,pmc_nn
106,106,11,SMOOTH_PHATE,4,0.013099626,0.027457038,-0.014357412,pmc_nn
107,107,12,SMOOTH_PHATE,4,0.451021228,0.651858554,-0.200837326,pmc_nn
108,108,13,SMOOTH_PHATE,4,0.005739294,-0.027995135,0.033734429,pmc_nn
109,109,14,SMOOTH_PHATE,4,0.017685163,0.131612,-0.113926837,pmc_nn
110,110,15,SMOOTH_PHATE,3,0.10652837,0.358067225,-0.251538854,pmc_nn
111,111,16,SMOOTH_PHATE,4,0.212563238,0.333455235,-0.120891998,pmc_nn
112,112,1,PHATE_TIME,3,0.608997141,0.625291182,-0.016294041,pmc_nn
113,113,2,PHATE_TIME,3,0.727494815,0.699462209,0.028032605,pmc_nn
114,114,3,PHATE_TIME,3,0.832774202,0.697256748,0.135517454,pmc_nn
115,115,4,PHATE_TIME,4,0.566766452,0.601947083,-0.035180632,pmc_nn
116,116,5,PHATE_TIME,3,0.672906787,0.384833194,0.288073593,pmc_nn
117,117,6,PHATE_TIME,3,0.690694572,0.478404906,0.212289665,pmc_nn
118,118,7,PHATE_TIME,3,0.598363386,0.597369466,0.00099392,pmc_nn
119,119,8,PHATE_TIME,3,0.526137125,0.820394028,-0.294256902,pmc_nn
120,120,9,PHATE_TIME,4,0.754451687,0.575869118,0.17858257,pmc_nn
121,121,10,PHATE_TIME,3,0.922690417,0.491373595,0.431316822,pmc_nn
122,122,11,PHATE_TIME,3,0.750853279,0.844937761,-0.094084482,pmc_nn
123,123,12,PHATE_TIME,3,0.776956536,0.78591773,-0.008961194,pmc_nn
124,124,13,PHATE_TIME,3,0.87141568,0.724981973,0.146433707,pmc_nn
125,125,14,PHATE_TIME,4,0.73902868,0.582129585,0.156899095,pmc_nn
126,126,15,PHATE_TIME,3,0.666348238,0.691659022,-0.025310784,pmc_nn
127,127,16,PHATE_TIME,3,0.776332279,0.682498133,0.093834146,pmc_nn
128,128,1,TSNE,3,-0.023016855,-0.018600726,-0.004416129,pmc_nn
129,129,2,TSNE,3,-0.014224656,-0.018684191,0.004459535,pmc_nn
130,130,3,TSNE,3,-0.006088213,-0.016493426,0.010405213,pmc_nn
131,131,4,TSNE,3,-0.017538282,-0.010939621,-0.006598661,pmc_nn
132,132,5,TSNE,3,-0.01331431,-0.00847658,-0.004837729,pmc_nn
133,133,6,TSNE,3,0.000942836,-0.015342066,0.016284901,pmc_nn
134,134,7,TSNE,3,0.011699297,-0.029588545,0.041287843,pmc_nn
135,135,8,TSNE,3,-0.004506802,-0.006960637,0.002453836,pmc_nn
136,136,9,TSNE,3,0.002335597,-0.018376522,0.020712118,pmc_nn
137,137,10,TSNE,3,-0.001158244,-0.009293365,0.00813512,pmc_nn
138,138,11,TSNE,3,-0.009413854,-0.010314514,0.00090066,pmc_nn
139,139,12,TSNE,3,-0.002903504,-0.020653922,0.017750417,pmc_nn
140,140,13,TSNE,3,0.007440242,-0.024894965,0.032335207,pmc_nn
141,141,14,TSNE,3,-0.018934237,0.000478933,-0.019413171,pmc_nn
142,142,15,TSNE,3,-0.00480443,-0.011721398,0.006916969,pmc_nn
143,143,16,TSNE,3,-0.012613789,-0.011944283,-0.000669505,pmc_nn
144,144,1,voxel,481,-0.017014106,-0.011755316,-0.005258791,pmc_nn
145,145,2,voxel,481,-0.008187518,-0.020096831,0.011909313,pmc_nn
146,146,3,voxel,481,-0.002626147,-0.01486431,0.012238162,pmc_nn
147,147,4,voxel,481,-0.015027939,-0.017481013,0.002453074,pmc_nn
148,148,5,voxel,481,-0.00774029,-0.012080765,0.004340474,pmc_nn
149,149,6,voxel,481,-0.001897386,-0.018525463,0.016628077,pmc_nn
150,150,7,voxel,481,-0.005406098,-0.014384592,0.008978494,pmc_nn
151,151,8,voxel,481,-0.00842353,-0.011948143,0.003524613,pmc_nn
152,152,9,voxel,481,-0.007752233,-0.013093365,0.005341132,pmc_nn
153,153,10,voxel,481,-0.0092105,-0.011114066,0.001903566,pmc_nn
154,154,11,voxel,481,-0.012987693,-0.010452114,-0.002535579,pmc_nn
155,155,12,voxel,481,-0.007193701,-0.017544051,0.01035035,pmc_nn
156,156,13,voxel,481,-0.006314356,-0.013764719,0.007450363,pmc_nn
157,157,14,voxel,481,-0.008247498,-0.008222677,-2.48E-05,pmc_nn
158,158,15,voxel,481,-0.006935541,-0.014581999,0.007646458,pmc_nn
159,159,16,voxel,481,-0.005526417,-0.013472425,0.007946008,pmc_nn