,avg_within_event_corr,avg_between_event_corr,avg_difference,M,test_subject,dataset,K,embed_method,ROI,boundary_TRs,model_LogLikelihood
0,0.12859692519648058,-0.00809244003294437,0.13668936522942496,2,1,sherlock,53,TPHATE,early_visual,"[0, 231, 256, 277, 297, 336, 371, 404, 426, 441, 460, 482, 550, 576, 603, 604, 615, 657, 745, 756, 892, 904, 939, 974, 1009, 1044, 1079, 1209, 1224, 1264, 1318, 1328, 1356, 1374, 1401, 1429, 1456, 1469, 1483, 1496, 1518, 1538, 1557, 1576, 1597, 1620, 1646, 1672, 1699, 1727, 1754, 1782, 1878, 1903, 1928, 1940, 1951, 1963, 1976]",-2250.4072696579583
1,0.46441064179009817,-0.01441134922424486,0.47882199101434303,3,1,sherlock,53,TPHATE,early_visual,"[0, 34, 50, 64, 105, 229, 262, 275, 297, 323, 337, 394, 430, 464, 502, 556, 634, 674, 742, 759, 799, 828, 874, 906, 962, 980, 1013, 1046, 1079, 1101, 1173, 1187, 1209, 1238, 1256, 1279, 1287, 1339, 1375, 1400, 1458, 1478, 1524, 1582, 1596, 1630, 1665, 1776, 1795, 1807, 1844, 1878, 1927, 1976]",-1761.3895410880657
2,0.45445233985778766,-0.013511320509136282,0.46796366036692394,4,1,sherlock,53,TPHATE,early_visual,"[0, 34, 50, 64, 104, 139, 229, 267, 284, 306, 336, 429, 465, 500, 527, 554, 635, 674, 739, 780, 829, 849, 867, 879, 905, 968, 1014, 1047, 1079, 1101, 1122, 1134, 1171, 1188, 1207, 1239, 1256, 1290, 1338, 1375, 1457, 1477, 1536, 1598, 1630, 1651, 1663, 1738, 1772, 1797, 1853, 1919, 1953, 1976]",-1932.0387392985053
3,0.474836707042344,-0.01284543336612691,0.4876821404084709,5,1,sherlock,53,TPHATE,early_visual,"[0, 34, 61, 102, 140, 168, 229, 268, 285, 309, 334, 430, 462, 501, 529, 570, 598, 634, 674, 728, 780, 850, 875, 904, 929, 967, 990, 1013, 1079, 1100, 1132, 1143, 1189, 1207, 1251, 1281, 1293, 1339, 1376, 1467, 1516, 1540, 1571, 1612, 1631, 1665, 1738, 1772, 1798, 1845, 1880, 1905, 1952, 1976]",-1961.6043320159356
4,0.4919804329246113,-0.012137675369190387,0.5041181082938017,6,1,sherlock,53,TPHATE,early_visual,"[0, 33, 59, 101, 140, 168, 230, 282, 310, 336, 383, 431, 464, 501, 526, 549, 600, 634, 671, 731, 779, 800, 851, 877, 905, 934, 971, 1012, 1050, 1079, 1100, 1139, 1191, 1229, 1274, 1292, 1340, 1373, 1433, 1475, 1525, 1543, 1567, 1606, 1632, 1666, 1738, 1773, 1798, 1821, 1853, 1918, 1951, 1976]",-2017.3660864325757
5,0.4876062493561743,-0.011899522780835288,0.4995057721370096,7,1,sherlock,53,TPHATE,early_visual,"[0, 34, 59, 100, 141, 169, 231, 282, 311, 337, 386, 434, 465, 498, 531, 551, 601, 634, 673, 730, 780, 812, 852, 877, 903, 934, 969, 1012, 1049, 1078, 1099, 1139, 1163, 1221, 1255, 1290, 1338, 1383, 1426, 1474, 1520, 1543, 1565, 1605, 1632, 1668, 1737, 1771, 1798, 1855, 1887, 1919, 1954, 1976]",-2074.047323326936
6,0.47075708732763366,-0.011725617884381914,0.4824827052120156,8,1,sherlock,53,TPHATE,early_visual,"[0, 36, 62, 106, 141, 170, 232, 282, 311, 340, 385, 407, 466, 497, 531, 554, 601, 635, 671, 731, 762, 783, 851, 873, 902, 934, 970, 1011, 1049, 1079, 1098, 1138, 1191, 1222, 1245, 1289, 1334, 1378, 1423, 1475, 1507, 1541, 1562, 1604, 1633, 1663, 1707, 1736, 1798, 1826, 1855, 1910, 1954, 1976]",-2143.6013824589118
7,0.47125397288699705,-0.011805982056228789,0.48305995494322584,9,1,sherlock,53,TPHATE,early_visual,"[0, 37, 63, 107, 140, 169, 231, 283, 310, 340, 397, 435, 464, 498, 531, 553, 601, 633, 671, 731, 762, 782, 815, 856, 879, 906, 962, 994, 1024, 1052, 1082, 1137, 1164, 1218, 1270, 1291, 1338, 1379, 1426, 1449, 1478, 1525, 1547, 1603, 1633, 1664, 1734, 1775, 1794, 1826, 1856, 1910, 1953, 1976]",-2170.2629188164683
8,0.4652008917126937,-0.011715697738408987,0.47691658945110266,10,1,sherlock,53,TPHATE,early_visual,"[0, 37, 59, 103, 139, 168, 231, 282, 309, 340, 396, 435, 464, 497, 532, 555, 597, 632, 672, 732, 774, 800, 832, 856, 877, 929, 964, 993, 1023, 1052, 1083, 1137, 1195, 1221, 1244, 1291, 1338, 1378, 1436, 1477, 1524, 1543, 1564, 1604, 1632, 1703, 1735, 1776, 1795, 1826, 1856, 1909, 1953, 1976]",-2186.8255959932458
9,0.20008443494551306,-0.006869038004058762,0.20695347294957184,2,2,sherlock,51,TPHATE,early_visual,"[0, 30, 63, 96, 127, 158, 265, 357, 365, 372, 379, 386, 392, 399, 446, 493, 545, 593, 639, 685, 730, 775, 817, 876, 927, 979, 1019, 1058, 1098, 1138, 1178, 1218, 1258, 1299, 1337, 1369, 1402, 1434, 1467, 1499, 1532, 1564, 1597, 1629, 1662, 1694, 1741, 1789, 1836, 1884, 1931, 1976]",-2361.1680750859614
10,0.322653370090594,-0.010324027593221647,0.3329773976838157,3,2,sherlock,51,TPHATE,early_visual,"[0, 31, 58, 97, 158, 212, 237, 305, 357, 380, 399, 467, 476, 498, 534, 572, 608, 664, 709, 745, 814, 834, 868, 887, 933, 957, 979, 1031, 1070, 1164, 1220, 1254, 1271, 1327, 1341, 1362, 1384, 1421, 1504, 1521, 1538, 1559, 1579, 1632, 1653, 1697, 1799, 1829, 1877, 1898, 1932, 1976]",-2149.088565348766
11,0.24983378407766052,-0.008898078484071972,0.2587318625617325,4,2,sherlock,51,TPHATE,early_visual,"[0, 32, 56, 80, 98, 161, 237, 266, 357, 397, 471, 498, 537, 572, 610, 633, 667, 709, 745, 780, 813, 835, 857, 888, 905, 934, 958, 986, 1030, 1071, 1164, 1217, 1254, 1272, 1340, 1361, 1422, 1459, 1497, 1540, 1558, 1585, 1606, 1632, 1652, 1700, 1742, 1841, 1876, 1897, 1930, 1976]",-2323.1627984780766
12,0.26900423584777666,-0.009096131142410653,0.2781003669901873,5,2,sherlock,51,TPHATE,early_visual,"[0, 32, 56, 100, 147, 161, 237, 267, 302, 397, 468, 481, 497, 540, 573, 609, 631, 662, 709, 741, 782, 801, 867, 887, 906, 936, 984, 1031, 1070, 1164, 1189, 1213, 1268, 1326, 1342, 1398, 1425, 1470, 1497, 1523, 1558, 1583, 1630, 1653, 1679, 1705, 1740, 1844, 1876, 1896, 1932, 1976]",-2349.68189592308
13,0.29796718860483845,-0.009258400060947728,0.3072255886657862,6,2,sherlock,51,TPHATE,early_visual,"[0, 34, 57, 83, 106, 161, 239, 301, 340, 359, 398, 468, 497, 541, 597, 614, 665, 696, 710, 736, 800, 835, 868, 887, 906, 940, 978, 1031, 1070, 1101, 1165, 1217, 1238, 1269, 1342, 1401, 1425, 1468, 1479, 1497, 1522, 1546, 1586, 1655, 1679, 1704, 1737, 1824, 1847, 1893, 1932, 1976]",-2374.7713212066733
14,0.2820686894077173,-0.008840420676647217,0.2909091100843645,7,2,sherlock,51,TPHATE,early_visual,"[0, 34, 58, 83, 106, 170, 212, 239, 302, 341, 358, 397, 493, 541, 606, 634, 664, 695, 709, 739, 801, 836, 867, 889, 939, 977, 1013, 1034, 1070, 1101, 1165, 1216, 1239, 1269, 1338, 1365, 1388, 1425, 1469, 1495, 1520, 1579, 1596, 1654, 1682, 1735, 1823, 1847, 1877, 1896, 1936, 1976]",-2431.4041336038435
15,0.30868097087747504,-0.009001660780862671,0.3176826316583377,8,2,sherlock,51,TPHATE,early_visual,"[0, 34, 56, 103, 127, 169, 240, 269, 304, 341, 365, 397, 469, 497, 543, 605, 634, 664, 709, 737, 801, 836, 865, 890, 939, 978, 1034, 1070, 1101, 1165, 1188, 1215, 1245, 1288, 1332, 1363, 1401, 1428, 1468, 1494, 1538, 1579, 1596, 1660, 1704, 1731, 1823, 1848, 1877, 1896, 1935, 1976]",-2409.272846550218
16,0.3046035167889333,-0.009011910739924264,0.31361542752885757,9,2,sherlock,51,TPHATE,early_visual,"[0, 36, 88, 108, 127, 171, 193, 240, 302, 339, 365, 397, 468, 497, 543, 602, 635, 665, 709, 736, 800, 837, 866, 890, 939, 978, 1035, 1071, 1101, 1165, 1188, 1217, 1244, 1288, 1331, 1362, 1406, 1466, 1492, 1515, 1535, 1603, 1628, 1663, 1701, 1729, 1821, 1848, 1878, 1897, 1936, 1976]",-2445.295049045914
17,0.3146267742878787,-0.00914163406549141,0.3237684083533701,10,2,sherlock,51,TPHATE,early_visual,"[0, 36, 87, 108, 126, 171, 191, 240, 303, 343, 396, 430, 463, 497, 542, 601, 635, 666, 707, 734, 802, 835, 866, 894, 939, 978, 1035, 1070, 1101, 1165, 1189, 1220, 1244, 1288, 1329, 1363, 1431, 1467, 1492, 1516, 1535, 1606, 1628, 1663, 1700, 1730, 1821, 1848, 1878, 1897, 1935, 1976]",-2449.126484106638
18,0.1087911568803439,-0.005848291591884141,0.11463944847222804,2,3,sherlock,52,TPHATE,early_visual,"[0, 34, 58, 83, 107, 153, 198, 249, 300, 351, 402, 454, 505, 556, 607, 658, 709, 738, 766, 803, 840, 895, 951, 1007, 1063, 1119, 1175, 1231, 1286, 1346, 1493, 1506, 1520, 1538, 1614, 1633, 1652, 1672, 1691, 1711, 1730, 1750, 1769, 1789, 1808, 1828, 1847, 1867, 1886, 1905, 1928, 1952, 1976]",-2424.255788306193
19,0.21272203366774114,-0.008812213857102546,0.22153424752484369,3,3,sherlock,52,TPHATE,early_visual,"[0, 36, 76, 104, 137, 170, 198, 239, 287, 432, 479, 536, 587, 669, 710, 726, 745, 758, 769, 784, 798, 865, 876, 904, 934, 976, 1005, 1067, 1123, 1175, 1214, 1238, 1258, 1287, 1316, 1331, 1346, 1370, 1421, 1445, 1470, 1538, 1622, 1683, 1710, 1727, 1810, 1846, 1867, 1899, 1928, 1945, 1976]",-2286.383964375724
20,0.2559485232774757,-0.009012525116142646,0.26496104839361834,4,3,sherlock,52,TPHATE,early_visual,"[0, 35, 60, 108, 170, 198, 239, 286, 309, 345, 374, 433, 455, 479, 504, 537, 620, 729, 767, 799, 847, 878, 907, 977, 1042, 1073, 1097, 1140, 1160, 1177, 1225, 1259, 1286, 1315, 1333, 1344, 1365, 1420, 1466, 1495, 1515, 1542, 1562, 1623, 1650, 1664, 1714, 1771, 1843, 1873, 1898, 1941, 1976]",-2366.5804208410086
21,0.2916426097361329,-0.00968000673693022,0.3013226164730631,5,3,sherlock,52,TPHATE,early_visual,"[0, 36, 76, 103, 171, 199, 238, 288, 310, 336, 363, 433, 454, 478, 536, 563, 617, 674, 696, 730, 768, 798, 849, 875, 910, 959, 976, 1040, 1073, 1096, 1139, 1176, 1221, 1289, 1319, 1345, 1364, 1420, 1452, 1466, 1499, 1543, 1609, 1634, 1664, 1687, 1709, 1816, 1860, 1898, 1924, 1941, 1976]",-2369.7883911218855
22,0.2977914944051362,-0.009654105179103199,0.3074455995842394,6,3,sherlock,52,TPHATE,early_visual,"[0, 37, 71, 100, 168, 196, 213, 232, 262, 336, 365, 397, 436, 478, 538, 563, 616, 673, 697, 730, 768, 799, 851, 901, 914, 960, 978, 1003, 1043, 1073, 1097, 1140, 1220, 1289, 1316, 1346, 1364, 1420, 1436, 1466, 1499, 1541, 1608, 1634, 1652, 1702, 1766, 1814, 1861, 1898, 1923, 1949, 1976]",-2433.6071052270236
23,0.2708554929843003,-0.009104529919353873,0.2799600229036542,7,3,sherlock,52,TPHATE,early_visual,"[0, 36, 63, 104, 193, 210, 236, 262, 336, 365, 396, 436, 478, 538, 563, 616, 647, 676, 697, 731, 766, 796, 851, 900, 916, 931, 962, 1016, 1097, 1136, 1176, 1224, 1259, 1287, 1316, 1345, 1364, 1421, 1466, 1494, 1539, 1563, 1608, 1634, 1652, 1702, 1763, 1814, 1859, 1879, 1924, 1949, 1976]",-2490.091522308576
24,0.2717598782096471,-0.00892806195949823,0.28068794016914533,8,3,sherlock,52,TPHATE,early_visual,"[0, 35, 63, 105, 192, 212, 235, 259, 280, 336, 366, 396, 435, 477, 539, 563, 614, 646, 673, 732, 767, 799, 852, 901, 916, 931, 961, 1040, 1073, 1096, 1136, 1178, 1227, 1286, 1316, 1344, 1368, 1437, 1466, 1495, 1541, 1564, 1607, 1635, 1664, 1704, 1762, 1814, 1859, 1878, 1898, 1956, 1976]",-2515.733579642705
25,0.2823798538260151,-0.00873448565243848,0.2911143394784536,9,3,sherlock,52,TPHATE,early_visual,"[0, 35, 62, 105, 132, 187, 209, 259, 285, 336, 366, 397, 439, 477, 539, 563, 614, 647, 674, 732, 767, 796, 833, 856, 898, 928, 960, 1011, 1070, 1096, 1139, 1185, 1228, 1286, 1317, 1344, 1367, 1436, 1466, 1494, 1541, 1564, 1607, 1635, 1665, 1703, 1763, 1815, 1848, 1864, 1895, 1956, 1976]",-2540.801899817205
26,0.26937802933099125,-0.008578408152459447,0.2779564374834507,10,3,sherlock,52,TPHATE,early_visual,"[0, 36, 63, 102, 124, 184, 207, 261, 310, 337, 367, 397, 436, 492, 538, 563, 614, 646, 672, 731, 766, 796, 833, 856, 893, 927, 960, 1011, 1068, 1096, 1137, 1185, 1229, 1286, 1316, 1346, 1366, 1435, 1465, 1494, 1543, 1570, 1607, 1635, 1664, 1702, 1728, 1816, 1846, 1871, 1897, 1956, 1976]",-2564.884072390342
27,0.14441179671346174,-0.006222432014265859,0.1506342287277276,2,4,sherlock,51,TPHATE,early_visual,"[0, 33, 70, 107, 136, 166, 196, 226, 255, 285, 315, 345, 374, 414, 454, 494, 534, 574, 617, 710, 732, 754, 816, 878, 940, 968, 996, 1023, 1048, 1073, 1110, 1154, 1189, 1224, 1260, 1296, 1331, 1396, 1457, 1487, 1512, 1538, 1564, 1590, 1617, 1643, 1668, 1715, 1760, 1805, 1890, 1976]",-2331.630426364839
28,0.26068983250038585,-0.009765113209810692,0.27045494571019657,3,4,sherlock,51,TPHATE,early_visual,"[0, 34, 76, 106, 122, 162, 198, 235, 270, 363, 376, 452, 491, 533, 558, 604, 617, 692, 713, 733, 754, 799, 833, 871, 888, 903, 917, 934, 1010, 1028, 1074, 1094, 1114, 1128, 1227, 1291, 1315, 1344, 1414, 1457, 1512, 1531, 1544, 1560, 1641, 1669, 1701, 1775, 1805, 1841, 1943, 1976]",-2222.820197573735
29,0.2397791285685698,-0.008777522572440952,0.24855665114101078,4,4,sherlock,51,TPHATE,early_visual,"[0, 16, 33, 74, 108, 164, 198, 236, 287, 329, 366, 433, 477, 492, 554, 603, 618, 689, 713, 732, 753, 799, 833, 871, 888, 916, 962, 1020, 1070, 1096, 1129, 1188, 1230, 1291, 1314, 1328, 1342, 1462, 1512, 1536, 1577, 1625, 1638, 1680, 1742, 1778, 1805, 1826, 1842, 1895, 1947, 1976]",-2409.2751106148626
30,0.2776344965942673,-0.009337726952173829,0.28697222354644114,5,4,sherlock,51,TPHATE,early_visual,"[0, 35, 50, 75, 106, 160, 200, 235, 283, 307, 374, 433, 488, 550, 604, 617, 682, 694, 713, 731, 755, 800, 831, 871, 900, 945, 962, 1013, 1044, 1068, 1129, 1150, 1190, 1289, 1315, 1344, 1429, 1465, 1509, 1538, 1594, 1623, 1636, 1683, 1741, 1768, 1803, 1826, 1842, 1895, 1947, 1976]",-2377.4954922945035
31,0.3407125908203694,-0.009693813134368248,0.35040640395473766,6,4,sherlock,51,TPHATE,early_visual,"[0, 38, 76, 106, 122, 159, 197, 235, 285, 331, 404, 436, 493, 533, 557, 604, 617, 685, 712, 731, 755, 798, 831, 872, 900, 943, 972, 1014, 1043, 1068, 1129, 1150, 1191, 1290, 1344, 1378, 1429, 1462, 1507, 1538, 1592, 1618, 1634, 1683, 1741, 1768, 1804, 1835, 1879, 1896, 1947, 1976]",-2337.5047353855134
32,0.30922686922609877,-0.008858744314383701,0.3180856135404825,7,4,sherlock,51,TPHATE,early_visual,"[0, 37, 76, 97, 109, 161, 197, 235, 284, 329, 355, 412, 461, 490, 533, 556, 604, 685, 713, 731, 747, 757, 797, 831, 873, 903, 944, 972, 1015, 1048, 1109, 1148, 1190, 1289, 1316, 1346, 1375, 1393, 1461, 1508, 1537, 1571, 1613, 1636, 1667, 1765, 1803, 1822, 1878, 1896, 1945, 1976]",-2401.1225069258016
33,0.2929237178825889,-0.008278097819535105,0.301201815702124,8,4,sherlock,51,TPHATE,early_visual,"[0, 37, 77, 97, 109, 160, 195, 234, 284, 329, 376, 413, 443, 492, 555, 604, 618, 683, 712, 732, 755, 797, 831, 871, 891, 908, 943, 971, 1014, 1046, 1134, 1190, 1288, 1315, 1343, 1396, 1429, 1461, 1508, 1537, 1572, 1614, 1637, 1667, 1697, 1766, 1803, 1820, 1840, 1896, 1945, 1976]",-2447.159347517717
34,0.3238017254972341,-0.008623934978802046,0.33242566047603617,9,4,sherlock,51,TPHATE,early_visual,"[0, 39, 76, 97, 109, 160, 194, 233, 287, 340, 375, 410, 461, 518, 550, 569, 607, 683, 712, 732, 755, 797, 831, 868, 896, 943, 968, 1025, 1067, 1112, 1147, 1188, 1209, 1290, 1344, 1396, 1429, 1461, 1508, 1537, 1572, 1614, 1636, 1667, 1697, 1764, 1805, 1834, 1896, 1920, 1944, 1976]",-2442.2334906292635
35,0.3153580970187659,-0.008377514679373544,0.3237356116981394,10,4,sherlock,51,TPHATE,early_visual,"[0, 39, 76, 100, 160, 183, 197, 233, 286, 340, 375, 411, 461, 516, 551, 570, 613, 674, 716, 732, 756, 795, 819, 849, 901, 943, 973, 1016, 1065, 1112, 1147, 1188, 1209, 1290, 1344, 1396, 1431, 1461, 1509, 1537, 1575, 1614, 1636, 1667, 1697, 1766, 1800, 1821, 1856, 1894, 1940, 1976]",-2475.1147078063777
36,0.2304970185961746,0.014728476343865484,0.21576854225230913,2,5,sherlock,52,TPHATE,early_visual,"[0, 26, 57, 72, 92, 125, 161, 202, 244, 287, 330, 372, 380, 450, 466, 480, 496, 508, 543, 587, 631, 677, 722, 767, 809, 850, 889, 929, 976, 1024, 1072, 1087, 1102, 1118, 1133, 1149, 1164, 1180, 1195, 1210, 1226, 1241, 1257, 1272, 1288, 1303, 1318, 1356, 1394, 1431, 1590, 1750, 1909, 1931, 1953, 1976]",-2367.7315816094842
37,0.2559216544503057,0.024840666563261754,0.23108098788704393,3,5,sherlock,52,TPHATE,early_visual,"[0, 33, 91, 105, 133, 145, 162, 261, 288, 335, 365, 377, 397, 450, 470, 495, 527, 555, 611, 664, 831, 866, 928, 947, 973, 988, 1030, 1052, 1071, 1103, 1159, 1186, 1208, 1250, 1339, 1408, 1431, 1462, 1541, 1605, 1632, 1640, 1656, 1670, 1691, 1725, 1765, 1827, 1880, 1899, 1925, 1949, 1976]",-2181.912845613353
38,0.30050442603665345,0.02380414099888305,0.2767002850377704,4,5,sherlock,52,TPHATE,early_visual,"[0, 24, 38, 90, 106, 122, 240, 287, 333, 364, 377, 398, 448, 466, 494, 532, 542, 556, 640, 677, 761, 799, 868, 887, 914, 928, 948, 987, 1019, 1081, 1101, 1133, 1148, 1187, 1209, 1241, 1316, 1390, 1427, 1460, 1509, 1536, 1549, 1605, 1632, 1670, 1693, 1796, 1823, 1899, 1926, 1950, 1976]",-2319.4206717214865
39,0.34661057023840786,0.03163682501380716,0.3149737452246007,5,5,sherlock,52,TPHATE,early_visual,"[0, 24, 59, 72, 172, 188, 243, 273, 289, 335, 356, 406, 453, 494, 527, 559, 592, 627, 663, 679, 745, 793, 832, 865, 929, 950, 973, 1017, 1072, 1082, 1132, 1142, 1222, 1241, 1265, 1316, 1389, 1433, 1468, 1514, 1538, 1556, 1605, 1633, 1664, 1742, 1790, 1826, 1847, 1911, 1926, 1950, 1976]",-2328.004323495885
40,0.34443995500527386,0.03515164032943347,0.3092883146758404,6,5,sherlock,52,TPHATE,early_visual,"[0, 24, 58, 73, 124, 210, 244, 263, 287, 333, 355, 398, 446, 466, 494, 595, 622, 642, 665, 711, 749, 796, 833, 866, 931, 951, 970, 1014, 1079, 1106, 1138, 1222, 1241, 1258, 1300, 1347, 1391, 1433, 1475, 1512, 1537, 1555, 1605, 1633, 1670, 1693, 1734, 1788, 1827, 1895, 1926, 1950, 1976]",-2418.670966500123
41,0.34853485606506723,0.03854874529545867,0.3099861107696086,7,5,sherlock,52,TPHATE,early_visual,"[0, 24, 64, 92, 123, 208, 246, 273, 290, 331, 355, 405, 450, 469, 494, 595, 621, 642, 666, 708, 744, 798, 857, 916, 934, 967, 1009, 1043, 1078, 1104, 1140, 1222, 1241, 1260, 1295, 1329, 1393, 1433, 1477, 1516, 1537, 1555, 1606, 1632, 1670, 1694, 1733, 1789, 1824, 1909, 1926, 1950, 1976]",-2435.360194009499
42,0.3789560346666317,0.041642152976803376,0.33731388168982834,8,5,sherlock,52,TPHATE,early_visual,"[0, 24, 63, 92, 125, 208, 246, 274, 290, 331, 355, 406, 450, 493, 531, 563, 619, 664, 681, 749, 796, 833, 861, 888, 914, 934, 966, 1010, 1079, 1104, 1138, 1187, 1208, 1260, 1295, 1350, 1393, 1433, 1463, 1517, 1537, 1555, 1606, 1633, 1665, 1694, 1737, 1791, 1822, 1851, 1911, 1926, 1976]",-2446.687249298046
43,0.3900255793454569,0.04279954944922492,0.34722602989623197,9,5,sherlock,52,TPHATE,early_visual,"[0, 23, 61, 93, 127, 207, 247, 274, 302, 330, 356, 406, 451, 493, 526, 561, 619, 664, 681, 751, 797, 834, 861, 889, 914, 935, 966, 1010, 1078, 1101, 1139, 1188, 1207, 1260, 1295, 1344, 1392, 1433, 1461, 1478, 1537, 1555, 1606, 1635, 1669, 1694, 1734, 1790, 1828, 1881, 1910, 1926, 1976]",-2455.9422903642817
44,0.3891849514947089,0.04287154394074682,0.34631340755396206,10,5,sherlock,52,TPHATE,early_visual,"[0, 24, 58, 96, 121, 144, 207, 263, 303, 334, 357, 405, 464, 495, 526, 560, 618, 664, 682, 737, 755, 801, 858, 890, 914, 935, 967, 1011, 1050, 1078, 1138, 1188, 1208, 1257, 1294, 1317, 1346, 1392, 1433, 1463, 1535, 1558, 1606, 1634, 1695, 1724, 1737, 1790, 1823, 1850, 1898, 1925, 1976]",-2496.5986379090605
45,0.2184696268358192,-0.007379973255194906,0.2258496000910141,2,6,sherlock,52,TPHATE,early_visual,"[0, 35, 59, 82, 106, 151, 196, 235, 275, 315, 355, 395, 435, 474, 514, 554, 594, 634, 674, 713, 737, 762, 787, 811, 861, 879, 898, 917, 935, 954, 973, 991, 1041, 1058, 1075, 1119, 1164, 1208, 1253, 1297, 1341, 1437, 1471, 1506, 1540, 1574, 1626, 1684, 1743, 1801, 1859, 1917, 1976]",-2276.126069278249
46,0.24490161168197871,-0.009429282457259268,0.254330894139238,3,6,sherlock,52,TPHATE,early_visual,"[0, 23, 35, 55, 106, 169, 197, 216, 256, 286, 404, 472, 494, 517, 575, 594, 642, 667, 697, 713, 746, 783, 801, 815, 862, 882, 904, 922, 952, 984, 1041, 1066, 1079, 1203, 1339, 1398, 1439, 1453, 1466, 1489, 1536, 1549, 1574, 1612, 1624, 1651, 1670, 1699, 1742, 1801, 1859, 1937, 1976]",-2191.821933664512
47,0.3005872257359847,-0.010212964377569918,0.3108001901135546,4,6,sherlock,52,TPHATE,early_visual,"[0, 20, 35, 56, 106, 172, 193, 256, 287, 332, 402, 435, 470, 495, 543, 595, 643, 664, 697, 713, 747, 782, 801, 864, 885, 904, 923, 941, 980, 1041, 1075, 1097, 1167, 1293, 1321, 1341, 1422, 1441, 1468, 1492, 1537, 1549, 1574, 1612, 1624, 1651, 1666, 1768, 1801, 1860, 1907, 1924, 1976]",-2269.9856174601364
48,0.31922575277746557,-0.010032862603868948,0.3292586153813345,5,6,sherlock,52,TPHATE,early_visual,"[0, 30, 54, 84, 103, 170, 192, 258, 288, 332, 402, 439, 467, 496, 594, 612, 633, 662, 715, 745, 777, 804, 835, 864, 904, 923, 942, 980, 1009, 1040, 1079, 1168, 1263, 1291, 1318, 1343, 1422, 1440, 1466, 1490, 1548, 1573, 1606, 1623, 1649, 1667, 1699, 1740, 1832, 1858, 1899, 1942, 1976]",-2258.5723381432035
49,0.38029740362159997,-0.01030548444826753,0.3906028880698675,6,6,sherlock,52,TPHATE,early_visual,"[0, 30, 55, 75, 102, 170, 195, 233, 285, 341, 368, 401, 438, 495, 535, 551, 597, 633, 662, 730, 777, 803, 862, 882, 904, 924, 944, 979, 1041, 1077, 1106, 1171, 1237, 1291, 1320, 1345, 1428, 1466, 1493, 1524, 1550, 1572, 1607, 1622, 1667, 1699, 1729, 1755, 1801, 1862, 1897, 1940, 1976]",-2227.739387548153
50,0.34302288042406476,-0.009474040959673658,0.3524969213837384,7,6,sherlock,52,TPHATE,early_visual,"[0, 21, 36, 59, 104, 170, 196, 233, 285, 370, 404, 433, 465, 495, 535, 611, 632, 667, 715, 745, 778, 807, 840, 865, 903, 923, 943, 979, 1042, 1078, 1106, 1176, 1237, 1284, 1320, 1346, 1430, 1465, 1493, 1539, 1571, 1607, 1622, 1648, 1669, 1699, 1731, 1756, 1800, 1861, 1895, 1940, 1976]",-2300.046218731254
51,0.35025518328424743,-0.00938300502955318,0.3596381883138006,8,6,sherlock,52,TPHATE,early_visual,"[0, 21, 36, 61, 102, 169, 200, 240, 285, 370, 404, 435, 465, 494, 537, 593, 630, 666, 714, 745, 778, 806, 841, 865, 903, 922, 944, 979, 1042, 1080, 1127, 1185, 1247, 1284, 1323, 1388, 1432, 1465, 1493, 1542, 1571, 1617, 1630, 1654, 1673, 1701, 1735, 1803, 1828, 1858, 1893, 1941, 1976]",-2335.1236508469588
52,0.35761875725366554,-0.009447013477976484,0.36706577073164204,9,6,sherlock,52,TPHATE,early_visual,"[0, 32, 61, 102, 142, 171, 195, 247, 285, 371, 400, 434, 465, 494, 537, 592, 630, 667, 713, 747, 778, 803, 864, 885, 902, 926, 961, 979, 1042, 1079, 1108, 1180, 1245, 1284, 1323, 1388, 1432, 1465, 1493, 1530, 1551, 1571, 1601, 1634, 1673, 1703, 1738, 1802, 1826, 1861, 1893, 1941, 1976]",-2328.6061311259687
53,0.3619311394650792,-0.009276777735960726,0.37120791720103996,10,6,sherlock,52,TPHATE,early_visual,"[0, 32, 61, 104, 167, 196, 233, 254, 285, 369, 398, 409, 435, 494, 536, 593, 631, 666, 713, 746, 779, 804, 864, 885, 901, 924, 945, 979, 1042, 1077, 1108, 1184, 1245, 1284, 1320, 1384, 1434, 1465, 1493, 1528, 1551, 1572, 1600, 1631, 1673, 1703, 1736, 1803, 1826, 1860, 1893, 1944, 1976]",-2341.396180659568
54,0.08974843242426532,-0.001695773084228113,0.09144420550849343,2,7,sherlock,52,TPHATE,early_visual,"[0, 397, 452, 466, 481, 495, 510, 525, 539, 554, 569, 583, 598, 613, 627, 642, 656, 676, 697, 718, 738, 787, 836, 885, 935, 984, 1033, 1082, 1130, 1174, 1191, 1202, 1206, 1216, 1232, 1248, 1265, 1282, 1298, 1321, 1345, 1369, 1393, 1417, 1441, 1464, 1510, 1555, 1578, 1602, 1664, 1727, 1790, 1852, 1976]",-2227.192299779109
55,0.36455356991778487,-0.003389193457959404,0.3679427633757443,3,7,sherlock,52,TPHATE,early_visual,"[0, 32, 98, 132, 169, 214, 223, 241, 348, 375, 409, 442, 526, 565, 608, 641, 666, 681, 696, 710, 720, 731, 742, 756, 772, 840, 909, 971, 1060, 1173, 1220, 1233, 1249, 1265, 1282, 1300, 1339, 1363, 1408, 1426, 1482, 1599, 1632, 1666, 1710, 1739, 1763, 1823, 1841, 1877, 1907, 1943, 1976]",-1955.5432023096694
56,0.44882418555258835,-0.00437674064198879,0.45320092619457714,4,7,sherlock,52,TPHATE,early_visual,"[0, 33, 57, 170, 209, 224, 237, 253, 295, 347, 370, 416, 437, 491, 560, 582, 642, 692, 707, 720, 748, 774, 801, 868, 886, 908, 956, 973, 1012, 1111, 1132, 1221, 1240, 1259, 1277, 1299, 1338, 1405, 1436, 1465, 1498, 1555, 1593, 1660, 1704, 1727, 1740, 1761, 1789, 1820, 1878, 1944, 1976]",-1916.330964575092
57,0.5097384587286792,-0.0017737142196820928,0.5115121729483613,5,7,sherlock,52,TPHATE,early_visual,"[0, 33, 96, 129, 174, 209, 222, 251, 320, 373, 416, 435, 494, 514, 552, 574, 605, 646, 664, 696, 710, 730, 751, 773, 800, 879, 963, 987, 1018, 1046, 1175, 1221, 1239, 1259, 1295, 1343, 1364, 1405, 1434, 1477, 1496, 1542, 1592, 1662, 1726, 1741, 1758, 1776, 1827, 1876, 1902, 1944, 1976]",-1893.325263433797
58,0.5068327580505644,-0.00029509407390607405,0.5071278521244704,6,7,sherlock,52,TPHATE,early_visual,"[0, 33, 58, 130, 173, 211, 222, 250, 305, 343, 374, 432, 495, 515, 549, 576, 604, 643, 665, 697, 710, 732, 750, 787, 861, 883, 962, 1020, 1098, 1129, 1176, 1221, 1258, 1289, 1302, 1343, 1372, 1406, 1434, 1473, 1499, 1544, 1592, 1664, 1727, 1746, 1791, 1822, 1851, 1871, 1912, 1945, 1976]",-1955.2800423046947
59,0.4530928896890809,0.0013141906779452145,0.4517786990111357,7,7,sherlock,52,TPHATE,early_visual,"[0, 33, 96, 129, 173, 213, 248, 283, 304, 339, 368, 432, 468, 498, 551, 579, 633, 662, 690, 708, 730, 748, 770, 795, 860, 959, 975, 1032, 1098, 1129, 1176, 1222, 1260, 1285, 1299, 1322, 1343, 1370, 1432, 1469, 1498, 1561, 1596, 1665, 1703, 1742, 1795, 1823, 1852, 1875, 1910, 1945, 1976]",-2080.4131301270813
60,0.4843186634490644,0.0015269515083828388,0.48279171194068154,8,7,sherlock,52,TPHATE,early_visual,"[0, 33, 96, 129, 171, 213, 247, 282, 303, 341, 370, 441, 469, 502, 553, 580, 633, 661, 689, 708, 731, 749, 773, 800, 858, 905, 962, 1037, 1097, 1129, 1176, 1219, 1259, 1286, 1298, 1321, 1343, 1369, 1432, 1468, 1498, 1600, 1632, 1665, 1702, 1742, 1794, 1823, 1850, 1875, 1910, 1946, 1976]",-2077.251573025588
61,0.4825481676845957,0.0027762017137854846,0.4797719659708102,9,7,sherlock,52,TPHATE,early_visual,"[0, 33, 96, 129, 173, 198, 215, 250, 302, 341, 372, 442, 471, 502, 552, 579, 634, 662, 690, 710, 735, 750, 785, 859, 905, 959, 1001, 1037, 1086, 1131, 1175, 1219, 1237, 1261, 1294, 1320, 1343, 1404, 1435, 1468, 1497, 1565, 1599, 1666, 1702, 1742, 1796, 1824, 1851, 1875, 1912, 1946, 1976]",-2114.9373857634605
62,0.5130946694792357,0.0016092609060897292,0.511485408573146,10,7,sherlock,52,TPHATE,early_visual,"[0, 32, 95, 117, 175, 197, 216, 250, 303, 340, 377, 410, 441, 469, 501, 554, 582, 633, 663, 693, 713, 746, 781, 858, 905, 960, 1001, 1037, 1085, 1137, 1176, 1218, 1237, 1262, 1294, 1319, 1344, 1405, 1435, 1468, 1563, 1600, 1632, 1664, 1701, 1729, 1745, 1794, 1824, 1853, 1913, 1946, 1976]",-2082.3970893258575
63,0.29265311213670947,-0.009562758988105527,0.302215871124815,2,8,sherlock,52,TPHATE,early_visual,"[0, 41, 83, 125, 168, 210, 252, 294, 337, 379, 421, 463, 480, 496, 513, 530, 547, 570, 593, 615, 638, 661, 684, 707, 730, 753, 776, 799, 810, 821, 833, 844, 855, 866, 917, 968, 1019, 1073, 1127, 1181, 1236, 1290, 1344, 1399, 1453, 1507, 1562, 1616, 1670, 1724, 1828, 1931, 1976]",-2316.835247020234
64,0.41334294644050734,-0.012569352981416352,0.4259122994219237,3,8,sherlock,52,TPHATE,early_visual,"[0, 19, 53, 80, 143, 169, 286, 370, 408, 440, 462, 479, 500, 524, 540, 548, 571, 605, 658, 713, 753, 799, 836, 867, 886, 909, 964, 971, 1018, 1072, 1096, 1120, 1170, 1187, 1269, 1320, 1393, 1438, 1465, 1475, 1502, 1537, 1558, 1601, 1632, 1662, 1687, 1723, 1808, 1844, 1931, 1947, 1976]",-1877.735992712403
65,0.4495311201529569,-0.012496750527149682,0.46202787068010653,4,8,sherlock,52,TPHATE,early_visual,"[0, 18, 52, 89, 143, 175, 216, 245, 286, 371, 404, 439, 461, 496, 528, 550, 573, 602, 660, 714, 753, 780, 799, 833, 866, 888, 906, 928, 966, 1017, 1036, 1071, 1097, 1164, 1186, 1235, 1288, 1320, 1394, 1433, 1465, 1498, 1563, 1603, 1631, 1688, 1719, 1821, 1842, 1872, 1900, 1926, 1976]",-1922.528993829416
66,0.4234560676838951,-0.011520140453503202,0.4349762081373983,5,8,sherlock,52,TPHATE,early_visual,"[0, 18, 53, 80, 139, 175, 216, 242, 288, 370, 401, 439, 461, 497, 524, 549, 602, 658, 689, 712, 753, 799, 835, 866, 887, 909, 965, 979, 1025, 1072, 1096, 1141, 1163, 1186, 1233, 1283, 1319, 1389, 1434, 1469, 1512, 1563, 1586, 1602, 1633, 1688, 1720, 1821, 1842, 1879, 1900, 1927, 1976]",-2094.0546930712594
67,0.43070103970955076,-0.011507509088812404,0.4422085487983632,6,8,sherlock,52,TPHATE,early_visual,"[0, 17, 54, 81, 140, 179, 242, 289, 372, 398, 438, 459, 480, 497, 524, 550, 602, 658, 686, 715, 753, 799, 836, 886, 908, 962, 979, 1023, 1071, 1096, 1140, 1165, 1186, 1235, 1258, 1373, 1397, 1433, 1467, 1492, 1515, 1564, 1601, 1633, 1689, 1719, 1765, 1824, 1842, 1880, 1926, 1964, 1976]",-2112.0561899775785
68,0.3700951575382216,-0.010400300629676085,0.38049545816789765,7,8,sherlock,52,TPHATE,early_visual,"[0, 16, 54, 83, 138, 175, 215, 246, 367, 397, 412, 438, 460, 480, 497, 519, 549, 604, 659, 715, 753, 798, 860, 885, 912, 961, 978, 1025, 1071, 1097, 1139, 1166, 1204, 1237, 1258, 1359, 1381, 1432, 1465, 1483, 1513, 1566, 1601, 1633, 1704, 1724, 1767, 1823, 1840, 1881, 1926, 1964, 1976]",-2250.9378331948674
69,0.4320476089171451,-0.010929294780635507,0.44297690369778064,8,8,sherlock,52,TPHATE,early_visual,"[0, 16, 52, 88, 138, 176, 215, 245, 291, 369, 406, 438, 460, 480, 498, 520, 550, 604, 659, 715, 753, 809, 853, 872, 912, 961, 993, 1022, 1071, 1097, 1140, 1166, 1203, 1237, 1258, 1346, 1376, 1397, 1432, 1467, 1513, 1541, 1599, 1635, 1655, 1718, 1765, 1822, 1840, 1881, 1900, 1926, 1976]",-2214.2218622609
70,0.42990458616858784,-0.011014542487073157,0.440919128655661,9,8,sherlock,52,TPHATE,early_visual,"[0, 16, 54, 92, 140, 178, 214, 245, 291, 369, 406, 438, 460, 481, 500, 521, 548, 604, 659, 713, 753, 808, 860, 885, 910, 961, 992, 1023, 1071, 1095, 1120, 1164, 1187, 1236, 1258, 1346, 1371, 1399, 1432, 1467, 1525, 1598, 1633, 1662, 1686, 1718, 1766, 1823, 1840, 1880, 1927, 1961, 1976]",-2237.81078277298
71,0.42189126197359467,-0.0109157385383528,0.4328070005119475,10,8,sherlock,52,TPHATE,early_visual,"[0, 15, 52, 93, 135, 178, 213, 245, 292, 367, 397, 413, 458, 480, 500, 522, 549, 605, 659, 713, 751, 810, 859, 885, 909, 962, 994, 1022, 1071, 1096, 1121, 1164, 1186, 1236, 1258, 1349, 1378, 1434, 1466, 1491, 1529, 1598, 1633, 1662, 1686, 1717, 1767, 1822, 1842, 1880, 1928, 1961, 1976]",-2283.2520382628772
72,0.13761852815305867,-0.007991862830572507,0.14561039098363118,2,9,sherlock,53,TPHATE,early_visual,"[0, 37, 75, 114, 152, 191, 229, 250, 271, 292, 313, 334, 355, 394, 434, 494, 506, 519, 531, 544, 557, 569, 582, 594, 610, 626, 642, 657, 668, 675, 682, 691, 705, 720, 734, 749, 761, 773, 785, 797, 871, 1040, 1293, 1343, 1374, 1442, 1509, 1576, 1643, 1710, 1777, 1844, 1882, 1919, 1955, 1976]",-2249.118185951134
73,0.2457410128632058,-0.008793643600786105,0.25453465646399187,3,9,sherlock,53,TPHATE,early_visual,"[0, 33, 58, 84, 101, 136, 163, 226, 303, 329, 353, 396, 434, 492, 499, 549, 572, 594, 665, 681, 698, 710, 722, 735, 749, 794, 871, 883, 946, 968, 984, 1041, 1074, 1223, 1258, 1293, 1327, 1343, 1375, 1464, 1495, 1524, 1560, 1579, 1600, 1703, 1755, 1790, 1807, 1835, 1884, 1930, 1957, 1976]",-2220.0242424184185
74,0.3035064094361164,-0.008460917068408392,0.3119673265045248,4,9,sherlock,53,TPHATE,early_visual,"[0, 37, 100, 145, 163, 218, 230, 257, 304, 328, 353, 397, 410, 433, 462, 498, 546, 593, 666, 700, 734, 749, 787, 795, 838, 884, 903, 998, 1055, 1074, 1101, 1162, 1188, 1258, 1293, 1326, 1344, 1375, 1393, 1464, 1497, 1524, 1558, 1607, 1633, 1690, 1704, 1739, 1789, 1834, 1885, 1931, 1957, 1976]",-2301.927383914946
75,0.2645710884557262,-0.0074411358041615114,0.2720122242598877,5,9,sherlock,53,TPHATE,early_visual,"[0, 33, 57, 99, 144, 163, 196, 220, 256, 301, 342, 432, 468, 498, 547, 603, 633, 650, 678, 702, 732, 749, 795, 838, 883, 904, 970, 1000, 1043, 1073, 1161, 1188, 1201, 1258, 1293, 1325, 1344, 1393, 1464, 1496, 1537, 1559, 1606, 1634, 1659, 1692, 1737, 1789, 1801, 1841, 1884, 1933, 1957, 1976]",-2422.382266719216
76,0.2930246454703807,-0.008306310679226835,0.30133095614960753,6,9,sherlock,53,TPHATE,early_visual,"[0, 33, 59, 140, 177, 192, 228, 256, 305, 327, 353, 382, 433, 470, 501, 549, 603, 621, 649, 678, 733, 749, 796, 881, 902, 938, 969, 1000, 1043, 1075, 1100, 1162, 1190, 1258, 1293, 1328, 1345, 1367, 1398, 1425, 1467, 1538, 1559, 1606, 1634, 1689, 1704, 1737, 1794, 1839, 1882, 1932, 1958, 1976]",-2423.856029020048
77,0.28489876873189385,-0.008267979445614967,0.2931667481775088,7,9,sherlock,53,TPHATE,early_visual,"[0, 34, 57, 100, 140, 177, 194, 252, 305, 330, 353, 384, 433, 468, 503, 544, 605, 621, 650, 676, 734, 750, 792, 880, 902, 944, 968, 1004, 1075, 1100, 1162, 1188, 1201, 1257, 1292, 1309, 1344, 1373, 1394, 1431, 1472, 1538, 1560, 1606, 1636, 1689, 1736, 1798, 1834, 1861, 1882, 1931, 1958, 1976]",-2465.092877080894
78,0.2989808745229488,-0.008120971891618456,0.3071018464145673,8,9,sherlock,53,TPHATE,early_visual,"[0, 33, 57, 99, 139, 177, 193, 251, 303, 331, 353, 397, 435, 458, 502, 543, 604, 652, 676, 704, 733, 750, 792, 881, 901, 959, 999, 1043, 1075, 1096, 1138, 1164, 1190, 1258, 1292, 1309, 1344, 1372, 1394, 1431, 1480, 1528, 1561, 1607, 1635, 1688, 1736, 1792, 1828, 1857, 1882, 1935, 1959, 1976]",-2464.279429055381
79,0.28057746783438253,-0.00787120192018103,0.28844866975456357,9,9,sherlock,53,TPHATE,early_visual,"[0, 33, 57, 99, 139, 177, 193, 252, 303, 331, 351, 398, 434, 459, 504, 543, 604, 652, 676, 703, 733, 750, 792, 839, 899, 934, 959, 1000, 1082, 1098, 1140, 1163, 1191, 1258, 1290, 1309, 1343, 1373, 1394, 1430, 1469, 1495, 1533, 1606, 1635, 1660, 1691, 1736, 1789, 1828, 1855, 1883, 1936, 1976]",-2517.7719159713906
80,0.2770338885372221,-0.00794556839560489,0.284979456932827,10,9,sherlock,53,TPHATE,early_visual,"[0, 32, 59, 99, 139, 177, 192, 254, 303, 330, 351, 397, 428, 456, 505, 543, 604, 652, 676, 703, 733, 750, 790, 840, 898, 933, 960, 1000, 1081, 1099, 1138, 1163, 1192, 1259, 1290, 1309, 1343, 1373, 1395, 1431, 1468, 1531, 1560, 1607, 1635, 1691, 1736, 1789, 1826, 1855, 1882, 1936, 1959, 1976]",-2536.4046337621767
81,0.11655650491697565,-0.005202388005381745,0.12175889292235739,2,10,sherlock,52,TPHATE,early_visual,"[0, 14, 63, 112, 155, 199, 242, 286, 330, 373, 417, 461, 504, 548, 592, 635, 677, 702, 733, 765, 798, 831, 863, 896, 929, 961, 994, 1027, 1060, 1092, 1125, 1158, 1190, 1223, 1256, 1288, 1325, 1363, 1401, 1439, 1476, 1514, 1552, 1589, 1642, 1696, 1750, 1804, 1857, 1895, 1933, 1954, 1976]",-2534.602195080198
82,0.22612939078392386,-0.009252339811516309,0.23538173059544015,3,10,sherlock,52,TPHATE,early_visual,"[0, 17, 133, 167, 193, 215, 240, 332, 356, 380, 395, 409, 464, 505, 533, 555, 593, 639, 649, 677, 733, 752, 764, 800, 878, 946, 982, 1009, 1026, 1041, 1072, 1184, 1198, 1247, 1290, 1306, 1336, 1413, 1436, 1450, 1464, 1489, 1565, 1588, 1687, 1707, 1770, 1785, 1859, 1908, 1933, 1953, 1976]",-2245.7958475503765
83,0.29802872949979103,-0.010048946795862166,0.3080776762956532,4,10,sherlock,52,TPHATE,early_visual,"[0, 15, 56, 91, 115, 146, 164, 266, 332, 357, 373, 395, 461, 476, 533, 556, 594, 648, 677, 734, 756, 800, 815, 878, 901, 966, 985, 1010, 1041, 1061, 1088, 1183, 1243, 1254, 1289, 1333, 1399, 1435, 1464, 1490, 1516, 1562, 1587, 1602, 1633, 1687, 1708, 1770, 1827, 1858, 1908, 1953, 1976]",-2285.2608962358686
84,0.26508538915588803,-0.008719848540833814,0.2738052376967218,5,10,sherlock,52,TPHATE,early_visual,"[0, 15, 57, 120, 167, 192, 216, 239, 280, 306, 359, 391, 445, 476, 552, 595, 613, 648, 677, 734, 755, 800, 839, 864, 893, 937, 966, 1010, 1042, 1075, 1182, 1237, 1264, 1291, 1332, 1346, 1398, 1435, 1465, 1488, 1533, 1555, 1601, 1632, 1689, 1704, 1746, 1779, 1827, 1859, 1908, 1933, 1976]",-2407.96856592255
85,0.25774426903237696,-0.008909403578178756,0.2666536726105557,6,10,sherlock,52,TPHATE,early_visual,"[0, 37, 58, 112, 146, 165, 217, 238, 264, 305, 374, 394, 442, 475, 552, 595, 613, 647, 677, 711, 740, 755, 800, 867, 892, 939, 967, 1012, 1054, 1076, 1113, 1170, 1264, 1290, 1305, 1337, 1399, 1433, 1446, 1464, 1488, 1589, 1604, 1624, 1655, 1697, 1741, 1778, 1836, 1859, 1908, 1951, 1976]",-2438.652635440462
86,0.3062688303876615,-0.008862574345743706,0.31513140473340523,7,10,sherlock,52,TPHATE,early_visual,"[0, 55, 89, 110, 168, 192, 216, 256, 301, 349, 377, 410, 444, 493, 533, 559, 594, 646, 701, 733, 744, 772, 800, 868, 892, 941, 968, 1024, 1078, 1134, 1168, 1213, 1239, 1264, 1292, 1335, 1396, 1435, 1464, 1485, 1536, 1559, 1601, 1624, 1654, 1694, 1774, 1800, 1836, 1871, 1907, 1936, 1976]",-2426.081522418299
87,0.28390851716911936,-0.008495114135039684,0.29240363130415903,8,10,sherlock,52,TPHATE,early_visual,"[0, 17, 56, 112, 146, 166, 217, 255, 302, 353, 378, 410, 439, 465, 554, 595, 612, 646, 679, 738, 755, 800, 835, 871, 900, 943, 981, 1024, 1057, 1076, 1115, 1168, 1213, 1263, 1293, 1333, 1395, 1434, 1464, 1485, 1537, 1587, 1604, 1624, 1656, 1695, 1740, 1761, 1826, 1871, 1906, 1940, 1976]",-2488.7951505322303
88,0.2740283021788315,-0.008584237344826228,0.2826125395236577,9,10,sherlock,52,TPHATE,early_visual,"[0, 19, 56, 111, 147, 167, 217, 283, 305, 354, 376, 398, 452, 475, 554, 596, 612, 645, 681, 738, 754, 783, 800, 874, 906, 944, 981, 1020, 1044, 1077, 1133, 1168, 1212, 1264, 1294, 1336, 1395, 1434, 1465, 1487, 1515, 1543, 1603, 1626, 1656, 1694, 1738, 1759, 1828, 1872, 1906, 1936, 1976]",-2525.7106031314106
89,0.2874403690955493,-0.008716511673295596,0.29615688076884494,10,10,sherlock,52,TPHATE,early_visual,"[0, 23, 56, 109, 147, 168, 216, 240, 282, 305, 352, 392, 439, 465, 554, 596, 612, 644, 681, 740, 756, 783, 800, 873, 906, 944, 981, 1016, 1044, 1079, 1134, 1170, 1211, 1264, 1296, 1343, 1397, 1432, 1464, 1485, 1531, 1546, 1594, 1628, 1656, 1694, 1739, 1760, 1827, 1873, 1906, 1937, 1976]",-2522.0415547998755
90,0.10923956243612551,-0.005432229890699514,0.11467179232682502,2,11,sherlock,53,TPHATE,early_visual,"[0, 32, 65, 98, 132, 165, 198, 231, 264, 291, 299, 304, 328, 355, 384, 412, 441, 470, 499, 527, 556, 585, 614, 642, 671, 700, 729, 757, 786, 815, 843, 893, 943, 992, 1016, 1040, 1064, 1088, 1113, 1138, 1162, 1313, 1464, 1629, 1676, 1723, 1744, 1765, 1787, 1808, 1829, 1848, 1868, 1887, 1905, 1976]",-2356.9543217537816
91,0.37822229518834016,-0.011126111005425094,0.38934840619376526,3,11,sherlock,53,TPHATE,early_visual,"[0, 14, 68, 76, 115, 201, 243, 255, 292, 354, 366, 430, 439, 450, 495, 535, 560, 613, 675, 709, 743, 771, 794, 849, 909, 962, 993, 1015, 1038, 1061, 1090, 1162, 1191, 1210, 1259, 1285, 1302, 1317, 1337, 1371, 1391, 1464, 1533, 1609, 1636, 1698, 1735, 1801, 1828, 1841, 1873, 1893, 1908, 1976]",-2028.1190846541497
92,0.35135791753619205,-0.011246851977768318,0.36260476951396037,4,11,sherlock,53,TPHATE,early_visual,"[0, 14, 66, 78, 111, 202, 242, 252, 289, 328, 355, 403, 439, 505, 537, 561, 612, 666, 682, 709, 744, 769, 794, 848, 908, 991, 1013, 1034, 1059, 1087, 1109, 1132, 1192, 1213, 1286, 1306, 1333, 1371, 1464, 1497, 1534, 1561, 1585, 1604, 1698, 1724, 1741, 1766, 1828, 1842, 1874, 1908, 1937, 1976]",-2137.42866180813
93,0.3242448018588917,-0.01040109874576286,0.33464590060465454,5,11,sherlock,53,TPHATE,early_visual,"[0, 13, 74, 99, 111, 203, 242, 250, 289, 328, 357, 403, 437, 453, 494, 538, 610, 662, 682, 709, 728, 746, 796, 849, 909, 962, 992, 1014, 1036, 1054, 1087, 1101, 1118, 1132, 1192, 1213, 1286, 1303, 1371, 1463, 1498, 1534, 1562, 1605, 1636, 1700, 1736, 1748, 1786, 1830, 1874, 1907, 1957, 1976]",-2292.988032871425
94,0.3494545902032325,-0.01034922824616706,0.35980381844939957,6,11,sherlock,53,TPHATE,early_visual,"[0, 13, 78, 110, 173, 204, 240, 250, 290, 328, 357, 404, 437, 494, 538, 609, 634, 658, 680, 708, 745, 780, 797, 835, 910, 961, 992, 1019, 1037, 1055, 1084, 1096, 1113, 1131, 1214, 1265, 1317, 1371, 1406, 1462, 1498, 1535, 1563, 1606, 1636, 1700, 1735, 1749, 1787, 1830, 1874, 1907, 1958, 1976]",-2332.1050142989584
95,0.3636126661339572,-0.010111085626208093,0.3737237517601653,7,11,sherlock,53,TPHATE,early_visual,"[0, 52, 81, 107, 139, 170, 196, 242, 289, 328, 354, 404, 436, 494, 512, 538, 607, 658, 676, 708, 745, 797, 835, 867, 911, 929, 961, 993, 1021, 1053, 1085, 1108, 1130, 1193, 1213, 1265, 1318, 1370, 1406, 1421, 1465, 1533, 1594, 1636, 1661, 1703, 1728, 1788, 1800, 1834, 1873, 1907, 1957, 1976]",-2344.863857820723
96,0.37503569358834205,-0.009934912269995896,0.3849706058583379,8,11,sherlock,53,TPHATE,early_visual,"[0, 37, 55, 81, 108, 167, 195, 241, 289, 326, 354, 403, 436, 494, 537, 562, 610, 657, 671, 709, 746, 797, 835, 867, 909, 928, 961, 992, 1021, 1054, 1083, 1100, 1130, 1172, 1222, 1262, 1324, 1371, 1405, 1464, 1495, 1535, 1551, 1603, 1636, 1661, 1703, 1727, 1792, 1832, 1874, 1906, 1958, 1976]",-2362.988995088469
97,0.3728407687954717,-0.009911258676505365,0.38275202747197706,9,11,sherlock,53,TPHATE,early_visual,"[0, 36, 55, 80, 111, 167, 195, 241, 289, 326, 352, 403, 436, 494, 537, 562, 609, 657, 672, 712, 747, 798, 833, 850, 909, 929, 961, 992, 1022, 1056, 1082, 1100, 1129, 1172, 1222, 1263, 1325, 1370, 1403, 1464, 1496, 1535, 1551, 1602, 1636, 1661, 1704, 1727, 1795, 1834, 1874, 1908, 1958, 1976]",-2386.0564751145052
98,0.3487861059327465,-0.009693777263907133,0.35847988319665364,10,11,sherlock,53,TPHATE,early_visual,"[0, 55, 79, 109, 139, 166, 194, 240, 289, 325, 353, 403, 436, 492, 537, 562, 610, 657, 672, 713, 747, 797, 848, 910, 927, 963, 992, 1022, 1042, 1064, 1083, 1103, 1132, 1219, 1262, 1285, 1321, 1371, 1404, 1463, 1496, 1535, 1551, 1605, 1636, 1676, 1708, 1787, 1827, 1842, 1875, 1907, 1958, 1976]",-2438.216818878302
99,0.3950394437759059,-0.00972672969286487,0.40476617346877075,2,12,sherlock,53,TPHATE,early_visual,"[0, 35, 77, 120, 163, 197, 232, 266, 301, 335, 373, 412, 451, 490, 529, 568, 607, 646, 685, 724, 763, 802, 841, 879, 919, 959, 1000, 1040, 1080, 1114, 1149, 1184, 1218, 1253, 1288, 1323, 1357, 1392, 1427, 1461, 1488, 1516, 1543, 1569, 1625, 1680, 1735, 1790, 1844, 1870, 1896, 1923, 1949, 1976]",-2228.997890697192
100,0.5136293528487579,-0.015257048471888223,0.5288864013206461,3,12,sherlock,53,TPHATE,early_visual,"[0, 34, 64, 77, 164, 176, 211, 236, 249, 333, 369, 400, 434, 471, 506, 568, 594, 624, 669, 709, 741, 780, 802, 853, 886, 911, 924, 1029, 1052, 1078, 1112, 1140, 1167, 1189, 1223, 1270, 1322, 1369, 1457, 1489, 1543, 1556, 1568, 1605, 1707, 1725, 1759, 1810, 1839, 1845, 1859, 1878, 1945, 1976]",-1657.956197867235
101,0.6258958837951979,-0.01497038929727886,0.6408662730924768,4,12,sherlock,53,TPHATE,early_visual,"[0, 33, 50, 74, 102, 171, 211, 227, 301, 339, 372, 400, 434, 456, 511, 561, 589, 622, 677, 711, 729, 752, 789, 830, 901, 941, 959, 975, 1048, 1078, 1107, 1123, 1142, 1183, 1225, 1291, 1345, 1378, 1411, 1462, 1482, 1510, 1542, 1564, 1638, 1700, 1727, 1761, 1807, 1818, 1846, 1875, 1916, 1976]",-1567.4041554365267
102,0.45406080849857894,-0.011444028703838063,0.465504837202417,5,12,sherlock,53,TPHATE,early_visual,"[0, 32, 57, 72, 130, 164, 207, 246, 305, 337, 371, 399, 412, 437, 496, 543, 568, 589, 620, 670, 712, 750, 792, 863, 903, 927, 970, 998, 1029, 1075, 1111, 1139, 1166, 1223, 1259, 1290, 1325, 1367, 1415, 1474, 1488, 1519, 1540, 1558, 1606, 1667, 1706, 1754, 1813, 1825, 1845, 1878, 1951, 1976]",-2085.8573325241928
103,0.5032312959703789,-0.011911843493273804,0.5151431394636526,6,12,sherlock,53,TPHATE,early_visual,"[0, 31, 58, 71, 130, 164, 203, 267, 306, 338, 371, 403, 436, 470, 500, 535, 569, 594, 669, 715, 750, 784, 810, 862, 888, 925, 945, 969, 1029, 1074, 1109, 1139, 1166, 1223, 1289, 1317, 1344, 1366, 1424, 1474, 1488, 1522, 1565, 1606, 1633, 1677, 1706, 1753, 1817, 1846, 1879, 1917, 1954, 1976]",-2038.1755387241765
104,0.4775137128216586,-0.011202332080272237,0.4887160449019308,7,12,sherlock,53,TPHATE,early_visual,"[0, 31, 58, 73, 110, 160, 201, 265, 307, 339, 369, 404, 436, 469, 499, 535, 582, 622, 669, 711, 729, 752, 802, 864, 885, 943, 969, 1000, 1030, 1074, 1110, 1138, 1166, 1222, 1285, 1319, 1344, 1371, 1424, 1474, 1489, 1522, 1562, 1606, 1634, 1677, 1705, 1736, 1813, 1826, 1845, 1879, 1912, 1976]",-2117.6907674850872
105,0.48093958311483387,-0.0113168429239743,0.49225642603880815,8,12,sherlock,53,TPHATE,early_visual,"[0, 34, 58, 74, 112, 158, 199, 265, 307, 340, 365, 403, 436, 469, 504, 538, 583, 628, 670, 711, 729, 753, 800, 864, 886, 943, 970, 1000, 1030, 1074, 1110, 1139, 1165, 1223, 1285, 1318, 1344, 1370, 1431, 1474, 1491, 1538, 1567, 1606, 1634, 1676, 1703, 1734, 1821, 1845, 1879, 1916, 1956, 1976]",-2144.7452393473754
106,0.4634978632928991,-0.011104100537801862,0.47460196383070097,9,12,sherlock,53,TPHATE,early_visual,"[0, 34, 59, 76, 110, 146, 200, 266, 306, 340, 367, 402, 435, 469, 503, 547, 584, 643, 668, 692, 718, 751, 789, 863, 890, 944, 970, 998, 1030, 1074, 1111, 1139, 1163, 1223, 1284, 1316, 1343, 1375, 1424, 1475, 1492, 1538, 1566, 1606, 1634, 1673, 1704, 1735, 1824, 1846, 1880, 1916, 1957, 1976]",-2203.829174646462
107,0.48017742302853295,-0.01092249579661885,0.4910999188251518,10,12,sherlock,53,TPHATE,early_visual,"[0, 34, 67, 109, 132, 161, 200, 265, 306, 336, 368, 402, 435, 469, 505, 548, 583, 628, 669, 714, 750, 782, 815, 861, 892, 944, 969, 999, 1029, 1074, 1112, 1139, 1163, 1223, 1284, 1316, 1343, 1376, 1408, 1433, 1477, 1521, 1568, 1605, 1635, 1673, 1704, 1735, 1825, 1846, 1879, 1913, 1957, 1976]",-2214.371486090619
108,0.09857281518495883,-0.006081242861955787,0.10465405804691462,2,13,sherlock,51,TPHATE,early_visual,"[0, 59, 115, 119, 125, 188, 302, 421, 543, 572, 606, 623, 640, 658, 675, 693, 711, 729, 747, 764, 782, 800, 818, 836, 854, 872, 890, 907, 978, 1009, 1041, 1072, 1104, 1136, 1167, 1196, 1225, 1340, 1372, 1402, 1440, 1603, 1634, 1665, 1696, 1729, 1763, 1797, 1830, 1877, 1907, 1937, 1956, 1976]",-2407.5682532436767
109,0.2185123463289503,-0.0081179748303978,0.2266303211593481,3,13,sherlock,51,TPHATE,early_visual,"[0, 9, 50, 95, 119, 159, 187, 229, 287, 312, 357, 435, 460, 482, 496, 533, 544, 584, 607, 663, 688, 747, 771, 788, 866, 886, 907, 942, 981, 1076, 1165, 1188, 1261, 1337, 1361, 1416, 1440, 1470, 1482, 1496, 1555, 1602, 1663, 1700, 1724, 1777, 1783, 1798, 1830, 1877, 1937, 1976]",-2333.7036284338374
110,0.15830498206127952,-0.00669875162776015,0.16500373368903967,4,13,sherlock,51,TPHATE,early_visual,"[0, 13, 38, 55, 118, 158, 229, 262, 287, 311, 342, 354, 435, 458, 495, 533, 544, 583, 608, 663, 718, 752, 788, 817, 850, 888, 908, 961, 982, 1076, 1129, 1174, 1224, 1249, 1315, 1416, 1443, 1469, 1481, 1496, 1536, 1556, 1597, 1664, 1702, 1732, 1764, 1820, 1879, 1938, 1960, 1976]",-2573.880334848983
111,0.20071265151421822,-0.007860510477937786,0.208573161992156,5,13,sherlock,51,TPHATE,early_visual,"[0, 20, 54, 112, 124, 159, 228, 262, 288, 312, 342, 437, 459, 496, 543, 579, 631, 643, 665, 712, 744, 756, 788, 849, 888, 907, 979, 1072, 1100, 1129, 1167, 1190, 1250, 1324, 1339, 1400, 1422, 1467, 1497, 1537, 1558, 1607, 1630, 1700, 1727, 1763, 1821, 1878, 1927, 1940, 1957, 1976]",-2564.940501235305
112,0.2409417539018516,-0.008490260648875644,0.24943201455072725,6,13,sherlock,51,TPHATE,early_visual,"[0, 19, 54, 116, 157, 183, 227, 262, 288, 311, 341, 437, 453, 496, 540, 599, 643, 662, 674, 710, 749, 816, 850, 889, 907, 964, 983, 1073, 1099, 1128, 1143, 1198, 1250, 1282, 1295, 1338, 1405, 1467, 1496, 1536, 1558, 1607, 1631, 1659, 1701, 1728, 1762, 1821, 1880, 1901, 1938, 1976]",-2528.6550832602347
113,0.2345110770216754,-0.008302219394258086,0.2428132964159335,7,13,sherlock,51,TPHATE,early_visual,"[0, 19, 55, 74, 139, 180, 228, 262, 287, 309, 346, 436, 496, 533, 544, 598, 641, 664, 709, 749, 787, 813, 868, 887, 907, 963, 982, 1013, 1075, 1099, 1140, 1165, 1197, 1249, 1284, 1329, 1404, 1446, 1469, 1495, 1538, 1607, 1632, 1656, 1702, 1728, 1762, 1820, 1880, 1902, 1937, 1976]",-2556.793212453114
114,0.23893972533152397,-0.008092604108708839,0.24703232944023282,8,13,sherlock,51,TPHATE,early_visual,"[0, 21, 55, 74, 140, 180, 228, 263, 305, 346, 392, 439, 493, 542, 574, 599, 642, 663, 706, 748, 784, 814, 867, 887, 907, 965, 982, 1014, 1073, 1099, 1140, 1209, 1249, 1286, 1327, 1385, 1404, 1445, 1469, 1493, 1536, 1556, 1593, 1654, 1702, 1728, 1762, 1820, 1880, 1899, 1938, 1976]",-2581.447792600516
115,0.22031224543195196,-0.007846551184452231,0.2281587966164042,9,13,sherlock,51,TPHATE,early_visual,"[0, 20, 56, 74, 139, 181, 229, 263, 305, 346, 392, 439, 493, 534, 546, 577, 599, 665, 705, 748, 783, 813, 852, 888, 908, 964, 981, 1074, 1099, 1140, 1173, 1202, 1247, 1286, 1327, 1393, 1424, 1446, 1469, 1493, 1538, 1595, 1633, 1655, 1719, 1779, 1804, 1821, 1880, 1898, 1938, 1976]",-2617.6377305071937
116,0.22962119457616514,-0.007999712081802019,0.23762090665796717,10,13,sherlock,51,TPHATE,early_visual,"[0, 27, 56, 73, 152, 181, 229, 263, 308, 346, 395, 438, 452, 488, 545, 577, 599, 665, 705, 747, 783, 813, 852, 888, 908, 963, 981, 1058, 1075, 1100, 1142, 1208, 1247, 1286, 1326, 1393, 1424, 1446, 1469, 1495, 1538, 1604, 1633, 1656, 1702, 1728, 1778, 1818, 1880, 1898, 1939, 1976]",-2612.352715165629
117,0.26043498777401225,-0.013426934895779122,0.27386192266979137,2,14,sherlock,54,TPHATE,early_visual,"[0, 31, 61, 80, 100, 118, 138, 169, 202, 236, 271, 305, 345, 385, 425, 465, 505, 545, 585, 670, 755, 840, 925, 1010, 1300, 1320, 1341, 1361, 1381, 1402, 1422, 1442, 1457, 1473, 1488, 1504, 1519, 1535, 1550, 1565, 1581, 1596, 1612, 1627, 1643, 1658, 1674, 1689, 1704, 1738, 1772, 1806, 1840, 1874, 1908, 1942, 1976]",-2196.4977406564203
118,0.49765410524486414,-0.015836037013043737,0.5134901422579079,3,14,sherlock,54,TPHATE,early_visual,"[0, 34, 56, 83, 122, 231, 240, 267, 289, 305, 402, 466, 486, 505, 539, 585, 662, 673, 701, 784, 830, 851, 865, 882, 891, 906, 935, 957, 979, 1012, 1046, 1078, 1101, 1124, 1172, 1184, 1236, 1308, 1437, 1461, 1517, 1550, 1571, 1599, 1610, 1636, 1660, 1703, 1725, 1745, 1783, 1837, 1875, 1947, 1976]",-1634.255427553249
119,0.5063473079221247,-0.014061770160069693,0.5204090780821944,4,14,sherlock,54,TPHATE,early_visual,"[0, 25, 82, 121, 143, 169, 190, 236, 270, 305, 402, 470, 486, 503, 535, 546, 587, 667, 699, 784, 804, 830, 852, 864, 885, 907, 921, 966, 980, 1043, 1080, 1100, 1123, 1173, 1183, 1237, 1287, 1372, 1424, 1444, 1463, 1500, 1552, 1601, 1611, 1636, 1694, 1723, 1733, 1781, 1840, 1874, 1902, 1947, 1976]",-1820.2528395545066
120,0.4867538449349315,-0.01282035230411123,0.4995741972390427,5,14,sherlock,54,TPHATE,early_visual,"[0, 28, 66, 102, 122, 167, 238, 282, 306, 343, 400, 463, 484, 505, 531, 546, 587, 667, 731, 782, 832, 860, 885, 906, 925, 941, 967, 980, 1010, 1041, 1061, 1082, 1125, 1147, 1178, 1235, 1283, 1322, 1348, 1445, 1461, 1500, 1553, 1602, 1611, 1659, 1707, 1726, 1752, 1780, 1839, 1874, 1898, 1946, 1976]",-1939.7644918111166
121,0.5126253036109317,-0.01286272906172057,0.5254880326726523,6,14,sherlock,54,TPHATE,early_visual,"[0, 27, 68, 101, 122, 166, 190, 236, 284, 307, 344, 398, 475, 502, 532, 560, 587, 639, 667, 697, 733, 786, 832, 901, 926, 941, 967, 980, 999, 1042, 1082, 1125, 1145, 1177, 1236, 1249, 1284, 1347, 1376, 1444, 1463, 1499, 1556, 1601, 1610, 1657, 1708, 1726, 1780, 1799, 1840, 1870, 1890, 1946, 1976]",-1971.5987616713194
122,0.4880489580644817,-0.012141109149443299,0.500190067213925,7,14,sherlock,54,TPHATE,early_visual,"[0, 27, 63, 78, 119, 166, 191, 243, 305, 337, 360, 403, 469, 486, 506, 532, 587, 639, 668, 698, 733, 786, 831, 859, 899, 939, 966, 981, 1010, 1041, 1062, 1083, 1153, 1178, 1236, 1248, 1283, 1315, 1386, 1442, 1466, 1499, 1555, 1600, 1611, 1657, 1708, 1732, 1780, 1799, 1840, 1864, 1892, 1947, 1976]",-2060.732961428455
123,0.4911144674488329,-0.011489746843220091,0.502604214292053,8,14,sherlock,54,TPHATE,early_visual,"[0, 27, 65, 101, 124, 145, 188, 244, 284, 306, 340, 393, 477, 503, 532, 552, 586, 642, 671, 698, 733, 786, 831, 861, 898, 937, 971, 1006, 1040, 1061, 1082, 1125, 1146, 1175, 1221, 1242, 1282, 1322, 1368, 1442, 1465, 1497, 1556, 1600, 1611, 1654, 1692, 1728, 1779, 1799, 1839, 1865, 1893, 1946, 1976]",-2071.4041314908523
124,0.488899443272718,-0.011610844141577996,0.500510287414296,9,14,sherlock,54,TPHATE,early_visual,"[0, 28, 67, 100, 123, 146, 189, 244, 305, 340, 394, 471, 485, 506, 532, 552, 586, 640, 663, 731, 748, 784, 831, 859, 898, 936, 970, 1008, 1041, 1062, 1083, 1125, 1146, 1178, 1241, 1282, 1322, 1347, 1379, 1441, 1466, 1498, 1556, 1608, 1655, 1683, 1704, 1734, 1779, 1799, 1839, 1863, 1894, 1946, 1976]",-2100.9934740575327
125,0.5029346319374347,-0.011190600856471397,0.5141252327939061,10,14,sherlock,54,TPHATE,early_visual,"[0, 26, 68, 100, 124, 146, 188, 244, 305, 340, 363, 400, 447, 478, 503, 531, 590, 659, 674, 703, 730, 785, 831, 859, 896, 939, 980, 1004, 1020, 1040, 1083, 1125, 1146, 1180, 1244, 1281, 1323, 1347, 1398, 1442, 1466, 1498, 1556, 1601, 1612, 1656, 1703, 1734, 1778, 1799, 1839, 1861, 1897, 1947, 1976]",-2102.019948998676
126,0.3210915242165242,-0.011408085845608956,0.33249961006213313,2,15,sherlock,52,TPHATE,early_visual,"[0, 146, 288, 310, 332, 354, 376, 416, 456, 495, 596, 616, 636, 657, 678, 698, 719, 740, 760, 781, 801, 833, 865, 898, 930, 963, 995, 1028, 1060, 1093, 1125, 1158, 1190, 1222, 1262, 1303, 1344, 1385, 1426, 1467, 1508, 1549, 1590, 1631, 1672, 1713, 1754, 1795, 1836, 1877, 1918, 1958, 1976]",-2285.409224445603
127,0.4829332770045611,-0.014164334210537288,0.49709761121509843,3,15,sherlock,52,TPHATE,early_visual,"[0, 61, 101, 125, 144, 170, 211, 251, 283, 318, 355, 375, 435, 464, 493, 532, 582, 617, 676, 716, 751, 801, 846, 869, 898, 936, 957, 972, 1015, 1045, 1071, 1094, 1117, 1222, 1256, 1321, 1387, 1430, 1465, 1472, 1494, 1510, 1526, 1540, 1601, 1677, 1718, 1743, 1826, 1852, 1881, 1958, 1976]",-1763.788351655658
128,0.47908972512721787,-0.009336158251764277,0.48842588337898213,4,15,sherlock,52,TPHATE,early_visual,"[0, 34, 62, 121, 139, 159, 191, 216, 241, 292, 373, 398, 434, 463, 494, 533, 557, 615, 679, 711, 756, 843, 881, 909, 934, 955, 972, 1009, 1044, 1071, 1111, 1156, 1219, 1260, 1290, 1327, 1434, 1466, 1493, 1507, 1527, 1539, 1606, 1628, 1666, 1742, 1783, 1826, 1851, 1878, 1914, 1958, 1976]",-1819.0335650410545
129,0.49878220659419553,-0.008927064209960221,0.5077092708041557,5,15,sherlock,52,TPHATE,early_visual,"[0, 34, 65, 118, 142, 170, 209, 237, 261, 301, 325, 367, 432, 465, 493, 532, 564, 616, 671, 713, 754, 801, 844, 874, 912, 941, 979, 1009, 1044, 1075, 1104, 1172, 1222, 1260, 1289, 1325, 1388, 1434, 1465, 1493, 1517, 1535, 1563, 1599, 1656, 1738, 1802, 1826, 1852, 1880, 1912, 1958, 1976]",-1919.1413226565192
130,0.4695334926486715,-0.007998050113565032,0.4775315427622365,6,15,sherlock,52,TPHATE,early_visual,"[0, 36, 65, 119, 142, 169, 211, 238, 262, 308, 367, 402, 432, 465, 493, 532, 562, 616, 662, 720, 804, 840, 868, 888, 910, 949, 979, 1011, 1044, 1075, 1104, 1160, 1177, 1223, 1284, 1330, 1433, 1445, 1466, 1493, 1534, 1567, 1600, 1629, 1663, 1737, 1803, 1826, 1852, 1880, 1912, 1956, 1976]",-1979.8793487118014
131,0.5056563904763289,-0.008806317499747177,0.5144627079760761,7,15,sherlock,52,TPHATE,early_visual,"[0, 35, 66, 119, 143, 168, 216, 250, 302, 324, 344, 375, 427, 465, 493, 533, 560, 616, 666, 718, 750, 802, 836, 868, 887, 908, 957, 998, 1042, 1075, 1105, 1141, 1223, 1263, 1287, 1321, 1343, 1433, 1465, 1493, 1533, 1566, 1599, 1633, 1664, 1738, 1785, 1826, 1852, 1882, 1912, 1955, 1976]",-1975.5077903896195
132,0.5100916853041374,-0.00963275869113918,0.5197244439952766,8,15,sherlock,52,TPHATE,early_visual,"[0, 36, 66, 120, 142, 166, 215, 250, 302, 324, 344, 373, 429, 494, 533, 561, 614, 668, 701, 727, 748, 804, 835, 866, 888, 911, 941, 969, 1005, 1041, 1075, 1141, 1218, 1266, 1292, 1347, 1384, 1434, 1463, 1492, 1529, 1545, 1597, 1632, 1666, 1739, 1774, 1803, 1825, 1850, 1912, 1957, 1976]",-2020.0173676069403
133,0.5041210780078255,-0.008432378911597134,0.5125534569194226,9,15,sherlock,52,TPHATE,early_visual,"[0, 34, 65, 119, 143, 166, 222, 253, 303, 326, 360, 399, 437, 464, 495, 534, 563, 616, 666, 718, 749, 806, 842, 867, 889, 910, 945, 997, 1042, 1076, 1105, 1140, 1223, 1266, 1289, 1325, 1391, 1430, 1465, 1492, 1538, 1572, 1600, 1635, 1664, 1737, 1776, 1824, 1853, 1882, 1911, 1957, 1976]",-2049.4350865958318
134,0.49186401329078594,-0.008448169305495367,0.5003121825962813,10,15,sherlock,52,TPHATE,early_visual,"[0, 37, 67, 119, 143, 168, 221, 254, 303, 325, 359, 396, 424, 465, 494, 530, 584, 664, 696, 720, 749, 811, 844, 867, 889, 912, 945, 997, 1042, 1076, 1106, 1140, 1223, 1266, 1289, 1321, 1387, 1429, 1466, 1492, 1543, 1573, 1600, 1636, 1665, 1736, 1771, 1824, 1854, 1881, 1912, 1956, 1976]",-2085.6615139376427
135,0.24971024571163652,-0.010525069062763086,0.2602353147743996,2,16,sherlock,52,TPHATE,early_visual,"[0, 31, 202, 374, 546, 687, 701, 716, 730, 745, 759, 774, 788, 803, 817, 832, 846, 861, 875, 923, 971, 983, 996, 1009, 1021, 1050, 1079, 1109, 1138, 1167, 1196, 1226, 1255, 1284, 1310, 1335, 1385, 1436, 1468, 1499, 1531, 1590, 1649, 1708, 1755, 1803, 1817, 1831, 1844, 1859, 1903, 1948, 1976]",-2039.7031360617002
136,0.46413659670818236,-0.012129243152209852,0.4762658398603922,3,16,sherlock,52,TPHATE,early_visual,"[0, 33, 64, 80, 136, 175, 250, 286, 360, 382, 394, 435, 458, 481, 500, 546, 612, 629, 648, 662, 699, 740, 765, 790, 911, 931, 973, 1019, 1037, 1098, 1146, 1184, 1232, 1256, 1282, 1294, 1335, 1385, 1436, 1471, 1533, 1552, 1569, 1586, 1639, 1660, 1708, 1802, 1824, 1846, 1865, 1944, 1976]",-1758.9268171356052
137,0.3786190758810426,-0.012344462701736145,0.39096353858277877,4,16,sherlock,52,TPHATE,early_visual,"[0, 31, 64, 78, 100, 139, 175, 251, 286, 366, 388, 436, 479, 500, 519, 546, 570, 634, 660, 713, 736, 763, 790, 818, 862, 934, 977, 1016, 1034, 1099, 1147, 1188, 1229, 1257, 1273, 1289, 1305, 1335, 1386, 1436, 1530, 1544, 1556, 1570, 1584, 1601, 1610, 1638, 1658, 1707, 1901, 1945, 1976]",-1926.6316850636633
138,0.472304418178151,-0.010788930346422783,0.4830933485245738,5,16,sherlock,52,TPHATE,early_visual,"[0, 27, 40, 73, 99, 138, 175, 242, 287, 341, 367, 390, 433, 479, 500, 524, 544, 640, 661, 714, 738, 790, 818, 867, 889, 913, 978, 1014, 1032, 1097, 1133, 1189, 1234, 1270, 1284, 1335, 1386, 1435, 1488, 1529, 1543, 1561, 1585, 1639, 1661, 1708, 1734, 1762, 1826, 1845, 1893, 1945, 1976]",-2002.1588483637406
139,0.4176044227695585,-0.00954142510316739,0.4271458478727259,6,16,sherlock,52,TPHATE,early_visual,"[0, 26, 42, 75, 99, 138, 174, 244, 287, 342, 366, 391, 432, 465, 501, 521, 544, 640, 660, 715, 740, 790, 817, 867, 887, 912, 978, 1014, 1033, 1097, 1132, 1190, 1234, 1273, 1373, 1436, 1490, 1529, 1543, 1563, 1583, 1605, 1638, 1658, 1707, 1745, 1763, 1826, 1858, 1895, 1933, 1949, 1976]",-2126.830633505694
140,0.44547579103130047,-0.008580208869786509,0.45405599990108697,7,16,sherlock,52,TPHATE,early_visual,"[0, 26, 41, 76, 101, 139, 175, 244, 287, 342, 365, 395, 433, 500, 520, 543, 572, 632, 659, 712, 746, 790, 814, 913, 928, 939, 977, 1015, 1038, 1097, 1162, 1189, 1235, 1268, 1291, 1373, 1435, 1469, 1527, 1544, 1568, 1587, 1639, 1661, 1708, 1759, 1779, 1801, 1825, 1859, 1895, 1945, 1976]",-2147.2430937058944
141,0.4215307410779746,-0.007252716648086429,0.428783457726061,8,16,sherlock,52,TPHATE,early_visual,"[0, 30, 65, 82, 103, 137, 172, 287, 342, 365, 398, 435, 463, 503, 524, 546, 574, 630, 661, 712, 747, 790, 815, 864, 887, 912, 935, 977, 1015, 1037, 1098, 1162, 1189, 1270, 1293, 1342, 1374, 1436, 1472, 1527, 1544, 1561, 1585, 1639, 1661, 1707, 1740, 1762, 1825, 1843, 1892, 1943, 1976]",-2200.06081271527
142,0.42139537269021543,-0.007183345261042418,0.42857871795125785,9,16,sherlock,52,TPHATE,early_visual,"[0, 30, 61, 79, 101, 138, 175, 247, 287, 344, 405, 434, 460, 500, 527, 547, 575, 629, 665, 710, 744, 790, 814, 858, 911, 932, 977, 1014, 1038, 1098, 1161, 1189, 1234, 1269, 1293, 1340, 1434, 1466, 1491, 1528, 1546, 1582, 1606, 1638, 1659, 1707, 1731, 1761, 1825, 1847, 1894, 1943, 1976]",-2242.127535092327
143,0.4398348305354748,-0.005855062996661189,0.44568989353213595,10,16,sherlock,52,TPHATE,early_visual,"[0, 29, 60, 81, 103, 136, 174, 249, 287, 344, 406, 438, 461, 502, 529, 547, 572, 629, 663, 708, 744, 789, 814, 855, 910, 932, 976, 1014, 1037, 1098, 1162, 1188, 1234, 1289, 1342, 1373, 1436, 1466, 1492, 1528, 1545, 1575, 1587, 1640, 1661, 1706, 1730, 1761, 1826, 1845, 1892, 1942, 1976]",-2249.976026495031
