,subject,ROI,avg_difference,embed_method
0,1,early_visual,-0.0034008261623872443,PHATE
1,2,early_visual,0.011556692334205152,PHATE
2,3,early_visual,-0.005788838920446711,PHATE
3,4,early_visual,-0.016859965968078167,PHATE
4,5,early_visual,-0.007236304449740215,PHATE
5,6,early_visual,0.0044699455407619815,PHATE
6,7,early_visual,-0.006363255178208007,PHATE
7,8,early_visual,-0.004451777247192146,PHATE
8,9,early_visual,0.010920171063807615,PHATE
9,10,early_visual,0.01641006771904396,PHATE
10,11,early_visual,0.005731980309062262,PHATE
11,12,early_visual,-0.01057119924674513,PHATE
12,13,early_visual,0.002527060527440454,PHATE
13,14,early_visual,-0.009103676224469151,PHATE
14,15,early_visual,-0.024005250230609856,PHATE
15,16,early_visual,0.014495719861638896,PHATE
16,1,early_visual,0.028465292981420462,TPHATE
17,2,early_visual,0.04494491675633753,TPHATE
18,3,early_visual,-0.0095468071742025,TPHATE
19,4,early_visual,0.012380398492931969,TPHATE
20,5,early_visual,0.03890383318575883,TPHATE
21,6,early_visual,-0.01270072113688344,TPHATE
22,7,early_visual,0.0846485836578679,TPHATE
23,8,early_visual,0.019064500072908133,TPHATE
24,9,early_visual,0.0337170441614615,TPHATE
25,10,early_visual,0.01911090023838577,TPHATE
26,11,early_visual,0.009789717177087832,TPHATE
27,12,early_visual,-0.005366399120714768,TPHATE
28,13,early_visual,-0.02486660145251708,TPHATE
29,14,early_visual,0.06567751991866684,TPHATE
30,15,early_visual,0.004646576317827524,TPHATE
31,16,early_visual,0.0811960454087445,TPHATE
32,1,early_visual,0.009815375909871324,UMAP
33,2,early_visual,0.005574498602354333,UMAP
34,3,early_visual,-0.0039021166524235416,UMAP
35,4,early_visual,-0.0095839116907384,UMAP
36,5,early_visual,0.000302867498316872,UMAP
37,6,early_visual,0.0014764904445796214,UMAP
38,7,early_visual,0.02565504919751934,UMAP
39,8,early_visual,-0.011944125790528677,UMAP
40,9,early_visual,0.00053199579170115,UMAP
41,10,early_visual,0.007054014404025369,UMAP
42,11,early_visual,-0.01153409389114288,UMAP
43,12,early_visual,-0.012481215240057705,UMAP
44,13,early_visual,0.0016352074060275018,UMAP
45,14,early_visual,0.0003264843275902404,UMAP
46,15,early_visual,-0.03583159422096497,UMAP
47,16,early_visual,0.009073206874239676,UMAP
48,1,early_visual,0.008222796692770843,PCA
49,2,early_visual,0.010178943442272569,PCA
50,3,early_visual,-0.010284612620796408,PCA
51,4,early_visual,-0.011369985159008177,PCA
52,5,early_visual,0.0019279413295489136,PCA
53,6,early_visual,0.003441622709919192,PCA
54,7,early_visual,-0.00620001041041193,PCA
55,8,early_visual,-0.002851323250746719,PCA
56,9,early_visual,-0.004562737054065621,PCA
57,10,early_visual,-0.0014837158248616608,PCA
58,11,early_visual,-0.0030210476426213127,PCA
59,12,early_visual,-0.012810591179144862,PCA
60,13,early_visual,0.0012496282406723874,PCA
61,14,early_visual,-0.007707958621854752,PCA
62,15,early_visual,-0.016277832299405368,PCA
63,16,early_visual,0.019597610006493345,PCA
64,1,early_visual,0.008005961124695671,LLE
65,2,early_visual,0.016287553722567974,LLE
66,3,early_visual,-0.010782573976993544,LLE
67,4,early_visual,-0.007402891808679151,LLE
68,5,early_visual,0.0025150514858504032,LLE
69,6,early_visual,-0.015979965075767245,LLE
70,7,early_visual,0.004132521557278764,LLE
71,8,early_visual,0.00013272858132293766,LLE
72,9,early_visual,0.02794406311596623,LLE
73,10,early_visual,0.024478132974124683,LLE
74,11,early_visual,-0.00544485083288763,LLE
75,12,early_visual,-0.015418739985605622,LLE
76,13,early_visual,0.004226374256048256,LLE
77,14,early_visual,-0.008650477622936834,LLE
78,15,early_visual,-0.010907850921136431,LLE
79,16,early_visual,0.007938371255998531,LLE
80,1,early_visual,0.0028933126385995013,ISOMAP
81,2,early_visual,0.011522774943763772,ISOMAP
82,3,early_visual,0.007680001646813502,ISOMAP
83,4,early_visual,-0.013673695562110668,ISOMAP
84,5,early_visual,-0.007692384158499294,ISOMAP
85,6,early_visual,-0.0058902779978819205,ISOMAP
86,7,early_visual,-0.00840537016956678,ISOMAP
87,8,early_visual,-0.003520535262519824,ISOMAP
88,9,early_visual,0.0017662527786182476,ISOMAP
89,10,early_visual,0.007638276174814634,ISOMAP
90,11,early_visual,-0.0006176492685121196,ISOMAP
91,12,early_visual,-0.015868831307552463,ISOMAP
92,13,early_visual,0.0026764934079947424,ISOMAP
93,14,early_visual,-0.0024893369441027343,ISOMAP
94,15,early_visual,-0.016291298062687358,ISOMAP
95,16,early_visual,0.018746924479579773,ISOMAP
96,1,early_visual,0.026723252325608148,SMOOTH_PHATE
97,2,early_visual,0.23172769858271014,SMOOTH_PHATE
98,3,early_visual,0.012614567554106094,SMOOTH_PHATE
99,4,early_visual,0.002766063286611557,SMOOTH_PHATE
100,5,early_visual,0.010614956770305686,SMOOTH_PHATE
101,6,early_visual,0.042490298084228835,SMOOTH_PHATE
102,7,early_visual,-0.07486707614780068,SMOOTH_PHATE
103,8,early_visual,0.10990748977191836,SMOOTH_PHATE
104,9,early_visual,0.018237324483528158,SMOOTH_PHATE
105,10,early_visual,0.025822018333180714,SMOOTH_PHATE
106,11,early_visual,0.011658755158369779,SMOOTH_PHATE
107,12,early_visual,-0.10168868600038833,SMOOTH_PHATE
108,13,early_visual,0.005923489674172297,SMOOTH_PHATE
109,14,early_visual,-0.04816951544426326,SMOOTH_PHATE
110,15,early_visual,0.1060949720308456,SMOOTH_PHATE
111,16,early_visual,0.08198357221351397,SMOOTH_PHATE
112,1,early_visual,0.06193413680628052,PHATE_TIME
113,2,early_visual,0.06381365207745866,PHATE_TIME
114,3,early_visual,0.2505328771513129,PHATE_TIME
115,4,early_visual,-0.16167163499844678,PHATE_TIME
116,5,early_visual,-0.18452848854994092,PHATE_TIME
117,6,early_visual,-0.034625535184057456,PHATE_TIME
118,7,early_visual,-0.0643535092246413,PHATE_TIME
119,8,early_visual,-0.11891285351211126,PHATE_TIME
120,9,early_visual,0.043531823452713996,PHATE_TIME
121,10,early_visual,-0.12527933756990667,PHATE_TIME
122,11,early_visual,0.15103689906227016,PHATE_TIME
123,12,early_visual,0.1237343988526518,PHATE_TIME
124,13,early_visual,0.2636930584965845,PHATE_TIME
125,14,early_visual,0.04729197580531425,PHATE_TIME
126,15,early_visual,0.054454486908468616,PHATE_TIME
127,16,early_visual,0.2384267997300204,PHATE_TIME
128,1,early_visual,0.004549492642679151,TSNE
129,2,early_visual,0.007643613076281024,TSNE
130,3,early_visual,-0.003611914343307885,TSNE
131,4,early_visual,-0.013256396902174906,TSNE
132,5,early_visual,-0.004664788271697988,TSNE
133,6,early_visual,-0.008096889982047401,TSNE
134,7,early_visual,-0.005682360102251057,TSNE
135,8,early_visual,-0.012503165756845342,TSNE
136,9,early_visual,0.0019859489240990585,TSNE
137,10,early_visual,0.01579805987351322,TSNE
138,11,early_visual,0.0036215327706732494,TSNE
139,12,early_visual,-0.004884491970561678,TSNE
140,13,early_visual,0.015099315978376516,TSNE
141,14,early_visual,-0.00552386500657053,TSNE
142,15,early_visual,0.0066995296865077535,TSNE
143,16,early_visual,0.007383642023025053,TSNE
144,1,early_visual,0.005393254073031478,voxel
145,2,early_visual,0.003507696425972141,voxel
146,3,early_visual,-0.0008460669315383622,voxel
147,4,early_visual,0.0019054372767606808,voxel
148,5,early_visual,0.0008249277611952802,voxel
149,6,early_visual,-0.0005038003387908602,voxel
150,7,early_visual,0.0032212288283217077,voxel
151,8,early_visual,0.0004969171547670482,voxel
152,9,early_visual,0.0017127033852878152,voxel
153,10,early_visual,0.004422801674949761,voxel
154,11,early_visual,-0.00405675189043157,voxel
155,12,early_visual,-0.0037590733389333475,voxel
156,13,early_visual,0.0038561375879002492,voxel
157,14,early_visual,0.005455706534934128,voxel
158,15,early_visual,0.0017321847461759144,voxel
159,16,early_visual,0.011489423780618813,voxel
0,1,high_Visual,0.005032699852982431,PHATE
1,2,high_Visual,-0.007094589060654698,PHATE
2,3,high_Visual,-0.01479270898692899,PHATE
3,4,high_Visual,0.015667843460280852,PHATE
4,5,high_Visual,-1.6242456615893762e-05,PHATE
5,6,high_Visual,0.0038031479650810014,PHATE
6,7,high_Visual,-0.003914426077911694,PHATE
7,8,high_Visual,0.006760209657909958,PHATE
8,9,high_Visual,-0.0037425759842902922,PHATE
9,10,high_Visual,0.011392741424965708,PHATE
10,11,high_Visual,-0.0028662703222947115,PHATE
11,12,high_Visual,-0.0036511091040886405,PHATE
12,13,high_Visual,-0.00016429658694493376,PHATE
13,14,high_Visual,0.04668934618726581,PHATE
14,15,high_Visual,0.059437570471776766,PHATE
15,16,high_Visual,-0.017562547787212817,PHATE
16,1,high_Visual,0.032298104849172164,TPHATE
17,2,high_Visual,0.0005574005293480028,TPHATE
18,3,high_Visual,-0.00040093991134792763,TPHATE
19,4,high_Visual,0.0815361834031233,TPHATE
20,5,high_Visual,0.08750799166458,TPHATE
21,6,high_Visual,0.015108042917038132,TPHATE
22,7,high_Visual,-0.033499769611387,TPHATE
23,8,high_Visual,0.041867518947857216,TPHATE
24,9,high_Visual,0.002668095498714341,TPHATE
25,10,high_Visual,0.12964471029924513,TPHATE
26,11,high_Visual,-0.07794939806603833,TPHATE
27,12,high_Visual,0.00825388448299074,TPHATE
28,13,high_Visual,-0.007454220798355036,TPHATE
29,14,high_Visual,0.06810899889931056,TPHATE
30,15,high_Visual,0.04294310844244936,TPHATE
31,16,high_Visual,-0.03518014122195312,TPHATE
32,1,high_Visual,0.008710021000468958,UMAP
33,2,high_Visual,0.002845595826339573,UMAP
34,3,high_Visual,-0.012228454087740778,UMAP
35,4,high_Visual,-0.003328161068351105,UMAP
36,5,high_Visual,-0.08615107597818064,UMAP
37,6,high_Visual,0.026078018143838727,UMAP
38,7,high_Visual,0.0276657194776692,UMAP
39,8,high_Visual,0.022352399004820014,UMAP
40,9,high_Visual,-0.0061836025830318,UMAP
41,10,high_Visual,0.036783274874246284,UMAP
42,11,high_Visual,0.017743297446464124,UMAP
43,12,high_Visual,-0.0013639566625574173,UMAP
44,13,high_Visual,0.012502551684024829,UMAP
45,14,high_Visual,0.03078462550165013,UMAP
46,15,high_Visual,0.0185271327688893,UMAP
47,16,high_Visual,-0.008028952568593121,UMAP
48,1,high_Visual,0.002150630138574993,PCA
49,2,high_Visual,-0.00043843834191652166,PCA
50,3,high_Visual,-0.00617675930662031,PCA
51,4,high_Visual,-0.008697543154858106,PCA
52,5,high_Visual,0.023703387845726724,PCA
53,6,high_Visual,-0.002903327889382624,PCA
54,7,high_Visual,-0.00823746542491536,PCA
55,8,high_Visual,0.004467190666680437,PCA
56,9,high_Visual,-0.004431950176962725,PCA
57,10,high_Visual,0.009181624441534695,PCA
58,11,high_Visual,-0.010901053833218613,PCA
59,12,high_Visual,0.006035681274143734,PCA
60,13,high_Visual,0.0005999141223847009,PCA
61,14,high_Visual,0.04488295468924612,PCA
62,15,high_Visual,0.014053351038957915,PCA
63,16,high_Visual,0.0068036896988687215,PCA
64,1,high_Visual,-0.01772179763478549,LLE
65,2,high_Visual,0.009977178808733292,LLE
66,3,high_Visual,-0.003435279857982385,LLE
67,4,high_Visual,-0.03436570638824517,LLE
68,5,high_Visual,-0.023136366578692967,LLE
69,6,high_Visual,-0.011065590264431626,LLE
70,7,high_Visual,-0.022284683642053518,LLE
71,8,high_Visual,0.01773108888592385,LLE
72,9,high_Visual,-0.009864531877212273,LLE
73,10,high_Visual,0.010429451711366377,LLE
74,11,high_Visual,-0.0081310667235246,LLE
75,12,high_Visual,0.017102348454240503,LLE
76,13,high_Visual,0.02119216929066924,LLE
77,14,high_Visual,0.03517687733897753,LLE
78,15,high_Visual,0.005821646195015279,LLE
79,16,high_Visual,0.005350536111744429,LLE
80,1,high_Visual,0.02141796908281008,ISOMAP
81,2,high_Visual,0.006706542440965336,ISOMAP
82,3,high_Visual,-0.0007030620234764477,ISOMAP
83,4,high_Visual,-0.014990500501091594,ISOMAP
84,5,high_Visual,0.010448415094995405,ISOMAP
85,6,high_Visual,0.003270116602475145,ISOMAP
86,7,high_Visual,-0.0029183438139405,ISOMAP
87,8,high_Visual,0.016537922967829802,ISOMAP
88,9,high_Visual,0.0011031195608879477,ISOMAP
89,10,high_Visual,0.0073640007193532765,ISOMAP
90,11,high_Visual,-0.009073619276251716,ISOMAP
91,12,high_Visual,0.006120926307733376,ISOMAP
92,13,high_Visual,0.007363470008789797,ISOMAP
93,14,high_Visual,0.03586623693954648,ISOMAP
94,15,high_Visual,0.007267824945230373,ISOMAP
95,16,high_Visual,0.0068961831053233075,ISOMAP
96,1,high_Visual,0.19209439948590304,SMOOTH_PHATE
97,2,high_Visual,0.14846901669511525,SMOOTH_PHATE
98,3,high_Visual,-0.011981832808910228,SMOOTH_PHATE
99,4,high_Visual,0.19622927881159344,SMOOTH_PHATE
100,5,high_Visual,-0.07000196878201324,SMOOTH_PHATE
101,6,high_Visual,0.06186869055727823,SMOOTH_PHATE
102,7,high_Visual,-0.08979842703335231,SMOOTH_PHATE
103,8,high_Visual,0.061375488284886565,SMOOTH_PHATE
104,9,high_Visual,0.0573807349085185,SMOOTH_PHATE
105,10,high_Visual,-0.18430819612866445,SMOOTH_PHATE
106,11,high_Visual,-0.046051615244827794,SMOOTH_PHATE
107,12,high_Visual,0.037862650341918117,SMOOTH_PHATE
108,13,high_Visual,0.008921682893565373,SMOOTH_PHATE
109,14,high_Visual,-0.01726688230906416,SMOOTH_PHATE
110,15,high_Visual,0.059969296450670034,SMOOTH_PHATE
111,16,high_Visual,-0.10764759052894143,SMOOTH_PHATE
112,1,high_Visual,0.33292298266375003,PHATE_TIME
113,2,high_Visual,-0.13835389873009973,PHATE_TIME
114,3,high_Visual,0.2440658434314033,PHATE_TIME
115,4,high_Visual,0.1110805889451807,PHATE_TIME
116,5,high_Visual,0.0956822735905758,PHATE_TIME
117,6,high_Visual,-0.02745056149099826,PHATE_TIME
118,7,high_Visual,-0.17545354837695404,PHATE_TIME
119,8,high_Visual,0.19675212917232449,PHATE_TIME
120,9,high_Visual,-0.15514677783686842,PHATE_TIME
121,10,high_Visual,-0.12868511451996234,PHATE_TIME
122,11,high_Visual,0.14574547659233733,PHATE_TIME
123,12,high_Visual,0.2830119645918986,PHATE_TIME
124,13,high_Visual,0.0597683342507576,PHATE_TIME
125,14,high_Visual,0.015349527244174332,PHATE_TIME
126,15,high_Visual,0.024787034517530483,PHATE_TIME
127,16,high_Visual,0.043866124497839935,PHATE_TIME
128,1,high_Visual,0.02418881171690949,TSNE
129,2,high_Visual,-0.004586911828303466,TSNE
130,3,high_Visual,-0.01281523793020661,TSNE
131,4,high_Visual,-0.0026468006659312268,TSNE
132,5,high_Visual,0.03079297709517748,TSNE
133,6,high_Visual,-0.007399955266837211,TSNE
134,7,high_Visual,6.723374678588171e-05,TSNE
135,8,high_Visual,0.019943534501638476,TSNE
136,9,high_Visual,-0.003889599879780215,TSNE
137,10,high_Visual,0.00012093190800432009,TSNE
138,11,high_Visual,-0.009568808770557987,TSNE
139,12,high_Visual,0.007038851446393741,TSNE
140,13,high_Visual,0.021761451198768215,TSNE
141,14,high_Visual,0.027928302804984727,TSNE
142,15,high_Visual,0.06195931496984119,TSNE
143,16,high_Visual,0.007563717927596814,TSNE
144,1,high_Visual,0.009688614430297329,voxel
145,2,high_Visual,0.0010197874478122997,voxel
146,3,high_Visual,0.0010419762104846126,voxel
147,4,high_Visual,-0.005211758442144615,voxel
148,5,high_Visual,0.006930732917377221,voxel
149,6,high_Visual,0.0105108660047291,voxel
150,7,high_Visual,0.0035845010891190827,voxel
151,8,high_Visual,0.0076153048957623174,voxel
152,9,high_Visual,0.0016089830160897279,voxel
153,10,high_Visual,0.004557188505201695,voxel
154,11,high_Visual,-0.010527284356849848,voxel
155,12,high_Visual,0.009652575660637949,voxel
156,13,high_Visual,0.004960676453191593,voxel
157,14,high_Visual,0.016241462340209522,voxel
158,15,high_Visual,0.027214824235554574,voxel
159,16,high_Visual,0.008907548562923044,voxel
0,1,aud_early,0.03551031425404752,PHATE
1,2,aud_early,0.022878556434529938,PHATE
2,3,aud_early,0.025246201550844026,PHATE
3,4,aud_early,0.0063048898763860255,PHATE
4,5,aud_early,-0.009549547825228757,PHATE
5,6,aud_early,-0.004425093046069721,PHATE
6,7,aud_early,-0.021918643275281032,PHATE
7,8,aud_early,-4.2862041643193956e-05,PHATE
8,9,aud_early,0.02576144539670153,PHATE
9,10,aud_early,0.012691391987286376,PHATE
10,11,aud_early,0.003723650764708825,PHATE
11,12,aud_early,0.018162287221399297,PHATE
12,13,aud_early,0.020194676733713026,PHATE
13,14,aud_early,-0.006344417911357132,PHATE
14,15,aud_early,-0.003857622454044054,PHATE
15,16,aud_early,0.020631399730782655,PHATE
16,1,aud_early,0.1553232834751362,TPHATE
17,2,aud_early,-0.02542297347945196,TPHATE
18,3,aud_early,0.04974487786594313,TPHATE
19,4,aud_early,-0.02353073619116424,TPHATE
20,5,aud_early,0.08705105139256518,TPHATE
21,6,aud_early,-0.11664598765519847,TPHATE
22,7,aud_early,0.10421925271498847,TPHATE
23,8,aud_early,0.1294678163490306,TPHATE
24,9,aud_early,0.030198749153300126,TPHATE
25,10,aud_early,0.003074103106267296,TPHATE
26,11,aud_early,0.10055627415117367,TPHATE
27,12,aud_early,-0.05200441968349705,TPHATE
28,13,aud_early,0.0722747712370179,TPHATE
29,14,aud_early,0.03551884583645614,TPHATE
30,15,aud_early,-0.05710787306113624,TPHATE
31,16,aud_early,0.0707011615802702,TPHATE
32,1,aud_early,0.014868774804720347,UMAP
33,2,aud_early,0.030187793428153687,UMAP
34,3,aud_early,0.02784219748418652,UMAP
35,4,aud_early,-0.007441079313937482,UMAP
36,5,aud_early,-0.08769449727040476,UMAP
37,6,aud_early,0.012734920636511604,UMAP
38,7,aud_early,0.0029744164371080426,UMAP
39,8,aud_early,0.0063302973905999295,UMAP
40,9,aud_early,0.0039014071104134045,UMAP
41,10,aud_early,0.0773154953761315,UMAP
42,11,aud_early,0.02017061351184357,UMAP
43,12,aud_early,0.03877537069688096,UMAP
44,13,aud_early,0.045888528696018026,UMAP
45,14,aud_early,-0.007363695916611904,UMAP
46,15,aud_early,0.06624327107492962,UMAP
47,16,aud_early,0.006622054050945425,UMAP
48,1,aud_early,-0.0008354071195474758,PCA
49,2,aud_early,0.012179639411239424,PCA
50,3,aud_early,0.026148481689827616,PCA
51,4,aud_early,-0.003334128011590419,PCA
52,5,aud_early,-0.009109573454415548,PCA
53,6,aud_early,-0.005957707739820821,PCA
54,7,aud_early,0.03284315402310156,PCA
55,8,aud_early,0.0017638723639881253,PCA
56,9,aud_early,0.009648385051860648,PCA
57,10,aud_early,0.01844591290368449,PCA
58,11,aud_early,0.0021687753112745174,PCA
59,12,aud_early,0.020130840048938385,PCA
60,13,aud_early,0.02575926476055104,PCA
61,14,aud_early,-0.01873113330966019,PCA
62,15,aud_early,-0.0009111022673672584,PCA
63,16,aud_early,0.030317590362418993,PCA
64,1,aud_early,-0.01161396255960704,LLE
65,2,aud_early,0.006857979547020539,LLE
66,3,aud_early,0.026979205125828583,LLE
67,4,aud_early,0.0019932964175113648,LLE
68,5,aud_early,0.009761433524717188,LLE
69,6,aud_early,-0.009186052121754287,LLE
70,7,aud_early,0.05786651438162961,LLE
71,8,aud_early,0.007363725827517138,LLE
72,9,aud_early,0.015078899463424571,LLE
73,10,aud_early,0.004783600846622607,LLE
74,11,aud_early,-0.010857902389815334,LLE
75,12,aud_early,0.02280962658638264,LLE
76,13,aud_early,0.007342352215330319,LLE
77,14,aud_early,0.009269585833432532,LLE
78,15,aud_early,0.04638175160510609,LLE
79,16,aud_early,0.01395961631045958,LLE
80,1,aud_early,0.053231218504934535,ISOMAP
81,2,aud_early,0.02132956926742028,ISOMAP
82,3,aud_early,0.002252485599952211,ISOMAP
83,4,aud_early,-0.00782490539136955,ISOMAP
84,5,aud_early,0.01558396282354379,ISOMAP
85,6,aud_early,-0.01080825989201188,ISOMAP
86,7,aud_early,0.018533368702912043,ISOMAP
87,8,aud_early,0.016226943661373637,ISOMAP
88,9,aud_early,0.006887699235243487,ISOMAP
89,10,aud_early,0.011575323897550177,ISOMAP
90,11,aud_early,-4.9104883207087567e-05,ISOMAP
91,12,aud_early,0.01792008709253817,ISOMAP
92,13,aud_early,0.019021504934333158,ISOMAP
93,14,aud_early,-0.01345812153477908,ISOMAP
94,15,aud_early,0.008908140149228845,ISOMAP
95,16,aud_early,0.03235553387231135,ISOMAP
96,1,aud_early,0.04698173633873147,SMOOTH_PHATE
97,2,aud_early,0.03782578672518478,SMOOTH_PHATE
98,3,aud_early,-0.20659729615743136,SMOOTH_PHATE
99,4,aud_early,-0.14262532770875733,SMOOTH_PHATE
100,5,aud_early,-0.0893040147518603,SMOOTH_PHATE
101,6,aud_early,0.13542771469629758,SMOOTH_PHATE
102,7,aud_early,0.04368072005986191,SMOOTH_PHATE
103,8,aud_early,-0.14494095569868376,SMOOTH_PHATE
104,9,aud_early,0.022013400735460768,SMOOTH_PHATE
105,10,aud_early,0.014874743099914324,SMOOTH_PHATE
106,11,aud_early,-0.029794567663847176,SMOOTH_PHATE
107,12,aud_early,0.0046773577063805635,SMOOTH_PHATE
108,13,aud_early,-0.023665336796606703,SMOOTH_PHATE
109,14,aud_early,-0.1597823413751646,SMOOTH_PHATE
110,15,aud_early,-0.22460383820702354,SMOOTH_PHATE
111,16,aud_early,0.17876860420676827,SMOOTH_PHATE
112,1,aud_early,-0.013441520370804521,PHATE_TIME
113,2,aud_early,0.3131552188384659,PHATE_TIME
114,3,aud_early,0.13311342064985945,PHATE_TIME
115,4,aud_early,-0.051347501210151324,PHATE_TIME
116,5,aud_early,0.03517840323332285,PHATE_TIME
117,6,aud_early,0.019557678673107187,PHATE_TIME
118,7,aud_early,-0.10286461211688104,PHATE_TIME
119,8,aud_early,0.06231515253633646,PHATE_TIME
120,9,aud_early,-0.1158033414177525,PHATE_TIME
121,10,aud_early,0.1017240074010588,PHATE_TIME
122,11,aud_early,0.19780532392352648,PHATE_TIME
123,12,aud_early,0.12420422271819676,PHATE_TIME
124,13,aud_early,0.12158687098698127,PHATE_TIME
125,14,aud_early,0.07690680181353353,PHATE_TIME
126,15,aud_early,0.3210623369899649,PHATE_TIME
127,16,aud_early,0.04949660456159437,PHATE_TIME
128,1,aud_early,-0.034403559742479294,TSNE
129,2,aud_early,0.0022901641055484787,TSNE
130,3,aud_early,0.040483887013723914,TSNE
131,4,aud_early,-0.01251695332665286,TSNE
132,5,aud_early,0.03031791478147422,TSNE
133,6,aud_early,-0.008130063061974389,TSNE
134,7,aud_early,0.014592639364763554,TSNE
135,8,aud_early,0.02032061297667916,TSNE
136,9,aud_early,0.012589470835207516,TSNE
137,10,aud_early,0.01760743796493744,TSNE
138,11,aud_early,-0.0036479938158986533,TSNE
139,12,aud_early,0.011700945480841895,TSNE
140,13,aud_early,0.011387501938891546,TSNE
141,14,aud_early,-0.012586058978818392,TSNE
142,15,aud_early,0.012613845296054743,TSNE
143,16,aud_early,0.005247831704749332,TSNE
144,1,aud_early,0.016016569365509516,voxel
145,2,aud_early,0.003497120373050378,voxel
146,3,aud_early,0.02044408760173571,voxel
147,4,aud_early,-0.0057425319982754896,voxel
148,5,aud_early,0.007751915326759234,voxel
149,6,aud_early,0.004505469836774475,voxel
150,7,aud_early,0.015693337257410754,voxel
151,8,aud_early,0.016196508980012066,voxel
152,9,aud_early,0.007167809553458383,voxel
153,10,aud_early,0.008659100827874766,voxel
154,11,aud_early,-0.004299119731791744,voxel
155,12,aud_early,0.0069142165576710785,voxel
156,13,aud_early,0.012787783168503548,voxel
157,14,aud_early,-0.004227170221403945,voxel
158,15,aud_early,0.023606183231525798,voxel
159,16,aud_early,0.016113015564242415,voxel
0,1,pmc_nn,-0.005467202245050311,PHATE
1,2,pmc_nn,0.03742942277434917,PHATE
2,3,pmc_nn,0.021760269703769267,PHATE
3,4,pmc_nn,0.003216239170319145,PHATE
4,5,pmc_nn,0.01512970651345812,PHATE
5,6,pmc_nn,0.03585270717118518,PHATE
6,7,pmc_nn,0.02165975300613395,PHATE
7,8,pmc_nn,0.010771317624072659,PHATE
8,9,pmc_nn,0.010803439117796205,PHATE
9,10,pmc_nn,0.008300863348463227,PHATE
10,11,pmc_nn,-0.0013704581599816414,PHATE
11,12,pmc_nn,0.01396493682279354,PHATE
12,13,pmc_nn,0.013965118798612284,PHATE
13,14,pmc_nn,0.001023397278936325,PHATE
14,15,pmc_nn,-0.003324522830803229,PHATE
15,16,pmc_nn,-0.004292596395253208,PHATE
16,1,pmc_nn,0.07087053584659032,TPHATE
17,2,pmc_nn,0.044424613680036334,TPHATE
18,3,pmc_nn,0.06346358239689445,TPHATE
19,4,pmc_nn,0.06747829306777588,TPHATE
20,5,pmc_nn,0.0457244622729561,TPHATE
21,6,pmc_nn,0.10761265205159323,TPHATE
22,7,pmc_nn,0.06393317463311035,TPHATE
23,8,pmc_nn,0.11716164230597433,TPHATE
24,9,pmc_nn,0.04269455068754378,TPHATE
25,10,pmc_nn,0.03228051907891218,TPHATE
26,11,pmc_nn,-0.01598147841504402,TPHATE
27,12,pmc_nn,0.03796537727931268,TPHATE
28,13,pmc_nn,0.06728505236295422,TPHATE
29,14,pmc_nn,0.0484834908121551,TPHATE
30,15,pmc_nn,0.1529143682301278,TPHATE
31,16,pmc_nn,0.10795770266445807,TPHATE
32,1,pmc_nn,0.010665765187649487,UMAP
33,2,pmc_nn,-0.005814961714788458,UMAP
34,3,pmc_nn,0.008198614603507872,UMAP
35,4,pmc_nn,-0.010217821366555413,UMAP
36,5,pmc_nn,-0.026194695397676538,UMAP
37,6,pmc_nn,0.028428973545265263,UMAP
38,7,pmc_nn,0.013951138012699014,UMAP
39,8,pmc_nn,0.013396818223052241,UMAP
40,9,pmc_nn,0.005102468374531063,UMAP
41,10,pmc_nn,-0.0008349695965311429,UMAP
42,11,pmc_nn,0.0014855945841052735,UMAP
43,12,pmc_nn,0.023179711211768712,UMAP
44,13,pmc_nn,0.015628530203181692,UMAP
45,14,pmc_nn,-0.0022260127760761425,UMAP
46,15,pmc_nn,0.011742120615813673,UMAP
47,16,pmc_nn,0.038925998301156055,UMAP
48,1,pmc_nn,0.0011974744845709886,PCA
49,2,pmc_nn,0.001203341658308389,PCA
50,3,pmc_nn,0.02795923364990995,PCA
51,4,pmc_nn,0.004780152997555724,PCA
52,5,pmc_nn,0.020264896387690728,PCA
53,6,pmc_nn,0.030436807240304817,PCA
54,7,pmc_nn,0.033828772600138245,PCA
55,8,pmc_nn,0.009899883973930209,PCA
56,9,pmc_nn,0.009587178793535808,PCA
57,10,pmc_nn,0.002559994748749623,PCA
58,11,pmc_nn,-0.0005824674833079768,PCA
59,12,pmc_nn,0.01528936528158563,PCA
60,13,pmc_nn,0.016404423106698644,PCA
61,14,pmc_nn,-0.005561230148548443,PCA
62,15,pmc_nn,-0.015407060586411728,PCA
63,16,pmc_nn,-0.010896764069549113,PCA
64,1,pmc_nn,-0.02390251678589125,LLE
65,2,pmc_nn,0.01077861843564743,LLE
66,3,pmc_nn,0.02876340198348312,LLE
67,4,pmc_nn,-0.007956235825085024,LLE
68,5,pmc_nn,0.018531327055628204,LLE
69,6,pmc_nn,0.017118853102236622,LLE
70,7,pmc_nn,0.04033826058741688,LLE
71,8,pmc_nn,-0.00016263715970746444,LLE
72,9,pmc_nn,0.027398720743015748,LLE
73,10,pmc_nn,0.008857756873287445,LLE
74,11,pmc_nn,-0.006752872808426364,LLE
75,12,pmc_nn,0.0040828595028066985,LLE
76,13,pmc_nn,0.007827048606330794,LLE
77,14,pmc_nn,0.00031964533737593065,LLE
78,15,pmc_nn,-0.003018362277619475,LLE
79,16,pmc_nn,-0.0020307799967217433,LLE
80,1,pmc_nn,0.0005652435090581308,ISOMAP
81,2,pmc_nn,0.03472239675645964,ISOMAP
82,3,pmc_nn,0.015038429512915657,ISOMAP
83,4,pmc_nn,0.002887830966991573,ISOMAP
84,5,pmc_nn,0.01307483263752824,ISOMAP
85,6,pmc_nn,0.03543667595630524,ISOMAP
86,7,pmc_nn,0.025449988043501088,ISOMAP
87,8,pmc_nn,0.005842325009220081,ISOMAP
88,9,pmc_nn,0.00405228189486051,ISOMAP
89,10,pmc_nn,0.012421376587256677,ISOMAP
90,11,pmc_nn,-0.00042746112519703196,ISOMAP
91,12,pmc_nn,0.022926261868134318,ISOMAP
92,13,pmc_nn,0.011930181426028731,ISOMAP
93,14,pmc_nn,0.0029793814389663296,ISOMAP
94,15,pmc_nn,-0.008351176574316608,ISOMAP
95,16,pmc_nn,-0.0034936098350257802,ISOMAP
96,1,pmc_nn,0.07385265275956791,SMOOTH_PHATE
97,2,pmc_nn,0.04852444890790146,SMOOTH_PHATE
98,3,pmc_nn,0.05304798454830223,SMOOTH_PHATE
99,4,pmc_nn,-0.117449752076755,SMOOTH_PHATE
100,5,pmc_nn,-0.017630978103621922,SMOOTH_PHATE
101,6,pmc_nn,-0.03815881288043549,SMOOTH_PHATE
102,7,pmc_nn,0.10434913138268116,SMOOTH_PHATE
103,8,pmc_nn,0.08041285877383937,SMOOTH_PHATE
104,9,pmc_nn,-0.02511768786653804,SMOOTH_PHATE
105,10,pmc_nn,0.05597538528555969,SMOOTH_PHATE
106,11,pmc_nn,-0.0143574119382745,SMOOTH_PHATE
107,12,pmc_nn,-0.20083732574081706,SMOOTH_PHATE
108,13,pmc_nn,0.03373442856846854,SMOOTH_PHATE
109,14,pmc_nn,-0.1139268370328894,SMOOTH_PHATE
110,15,pmc_nn,-0.2515388542258739,SMOOTH_PHATE
111,16,pmc_nn,-0.12089199758546215,SMOOTH_PHATE
112,1,pmc_nn,-0.016294040754813874,PHATE_TIME
113,2,pmc_nn,0.0280326052330716,PHATE_TIME
114,3,pmc_nn,0.13551745395638154,PHATE_TIME
115,4,pmc_nn,-0.03518063187403896,PHATE_TIME
116,5,pmc_nn,0.28807359322110204,PHATE_TIME
117,6,pmc_nn,0.2122896651735792,PHATE_TIME
118,7,pmc_nn,0.0009939200799577849,PHATE_TIME
119,8,pmc_nn,-0.2942569024452107,PHATE_TIME
120,9,pmc_nn,0.1785825695549014,PHATE_TIME
121,10,pmc_nn,0.4313168218655853,PHATE_TIME
122,11,pmc_nn,-0.09408448176620983,PHATE_TIME
123,12,pmc_nn,-0.008961194026722621,PHATE_TIME
124,13,pmc_nn,0.14643370699344668,PHATE_TIME
125,14,pmc_nn,0.15689909451222153,PHATE_TIME
126,15,pmc_nn,-0.025310784378199603,PHATE_TIME
127,16,pmc_nn,0.09383414555704568,PHATE_TIME
128,1,pmc_nn,-0.004416128967757004,TSNE
129,2,pmc_nn,0.004459534843305422,TSNE
130,3,pmc_nn,0.010405212507040773,TSNE
131,4,pmc_nn,-0.006598660780229994,TSNE
132,5,pmc_nn,-0.004837729311080226,TSNE
133,6,pmc_nn,0.016284901480260322,TSNE
134,7,pmc_nn,0.04128784269287926,TSNE
135,8,pmc_nn,0.002453835720566162,TSNE
136,9,pmc_nn,0.020712118346813014,TSNE
137,10,pmc_nn,0.008135120363926126,TSNE
138,11,pmc_nn,0.0009006602434798243,TSNE
139,12,pmc_nn,0.017750417349990274,TSNE
140,13,pmc_nn,0.032335207103707096,TSNE
141,14,pmc_nn,-0.019413170511103608,TSNE
142,15,pmc_nn,0.006916968651982177,TSNE
143,16,pmc_nn,-0.0006695052610723113,TSNE
144,1,pmc_nn,-0.005258790775219554,voxel
145,2,pmc_nn,0.0119093129221681,voxel
146,3,pmc_nn,0.012238162111200771,voxel
147,4,pmc_nn,0.002453073785968798,voxel
148,5,pmc_nn,0.004340474154234871,voxel
149,6,pmc_nn,0.01662807676939449,voxel
150,7,pmc_nn,0.008978494024770672,voxel
151,8,pmc_nn,0.0035246129803630094,voxel
152,9,pmc_nn,0.0053411316408265895,voxel
153,10,pmc_nn,0.0019035658496949614,voxel
154,11,pmc_nn,-0.0025355789130653483,voxel
155,12,pmc_nn,0.010350349643208271,voxel
156,13,pmc_nn,0.0074503631975453375,voxel
157,14,pmc_nn,-2.48212374474982e-05,voxel
158,15,pmc_nn,0.007646457591422941,voxel
159,16,pmc_nn,0.007946007640927675,voxel
