,subject,ROI,dataset,avg_difference,embed_method,model_LogLikelihood,AIC
0,20,pmc_nn,forrest,0.013197252502087456,PHATE_TIME,4173.760612278382,16736.478775443236
1,20,pmc_nn,forrest,0.10369157581313747,PHATE_TIME,4745.064233300462,16955.871533399077
2,20,pmc_nn,forrest,0.007079827652482283,PHATE_TIME,6182.856353929433,10528.287292141136
3,20,pmc_nn,forrest,0.01666932671475111,PHATE_TIME,6547.516966553849,11988.966066892302
4,20,pmc_nn,forrest,0.015202396688354278,PHATE_TIME,7338.656219146229,11768.687561707542
5,20,pmc_nn,forrest,0.060147822965251264,PHATE_TIME,5361.9112116012,13472.1775767976
6,20,pmc_nn,forrest,0.018357488692311318,PHATE_TIME,6605.027409452876,9683.945181094248
7,20,pmc_nn,forrest,0.029716518296272136,PHATE_TIME,6361.852627620464,11034.294744759072
8,20,pmc_nn,forrest,0.05688407943171767,PHATE_TIME,6160.784233186421,11874.431533627157
9,20,pmc_nn,forrest,0.01825118994345739,PHATE_TIME,6997.2942348028055,11539.411530394389
10,20,pmc_nn,forrest,0.012843273402147031,PHATE_TIME,7318.414925327226,10001.170149345548
11,20,pmc_nn,forrest,0.05763550945760569,PHATE_TIME,6785.930026689196,12874.139946621608
12,20,pmc_nn,forrest,0.019946034350656745,PHATE_TIME,6301.454804109317,13843.090391781367
13,20,pmc_nn,forrest,0.044064807328333,PHATE_TIME,5359.055219139382,10495.889561721237
0,16,pmc_nn,sherlock,0.3308017305468333,SMOOTH_PHATE,-2073.5623780401306,5495.124756080261
1,16,pmc_nn,sherlock,0.555830220389533,SMOOTH_PHATE,-2084.195317542234,5222.390635084468
2,16,pmc_nn,sherlock,0.4752221476197449,SMOOTH_PHATE,-1757.3083595266198,4478.61671905324
3,16,pmc_nn,sherlock,0.20730494231580013,SMOOTH_PHATE,694.0268458797577,-142.0536917595155
4,16,pmc_nn,sherlock,0.4835840868885139,SMOOTH_PHATE,-1805.935024382785,4759.87004876557
5,16,pmc_nn,sherlock,0.713249545967681,SMOOTH_PHATE,-1643.0842498922073,4740.168499784415
6,16,pmc_nn,sherlock,0.2489128571895452,SMOOTH_PHATE,62.73577506246272,1022.5284498750747
7,16,pmc_nn,sherlock,0.4737256555514591,SMOOTH_PHATE,-853.9358604527167,3055.8717209054325
8,16,pmc_nn,sherlock,0.7371909197841623,SMOOTH_PHATE,-1776.5114566484867,4701.0229132969735
9,16,pmc_nn,sherlock,0.3797921996888797,SMOOTH_PHATE,-2450.1598381826125,6354.319676365225
10,16,pmc_nn,sherlock,0.6280968170096564,SMOOTH_PHATE,-1837.2973992016848,4822.59479840337
11,16,pmc_nn,sherlock,0.27802068495908594,SMOOTH_PHATE,41.534286922235296,1162.9314261555294
12,16,pmc_nn,sherlock,0.14792193035099294,SMOOTH_PHATE,-2740.7968241741487,6727.593648348298
13,16,pmc_nn,sherlock,0.5579291789453612,SMOOTH_PHATE,-2092.851328398759,5431.702656797518
14,16,pmc_nn,sherlock,0.5280437857256071,SMOOTH_PHATE,-1122.663127531712,3393.326255063424
15,16,pmc_nn,sherlock,0.5600207244731776,SMOOTH_PHATE,-898.5083224067943,2945.0166448135883
0,20,pmc_nn,forrest,0.045893774977374346,PCA,-5459.219559402136,36002.439118804265
1,20,pmc_nn,forrest,0.054329313778533776,PCA,-5439.860598887268,37325.72119777453
2,20,pmc_nn,forrest,0.01903029350461603,PCA,-5494.578980939991,33883.15796187998
3,20,pmc_nn,forrest,0.022085480960712917,PCA,-5463.59755192295,36011.1951038459
4,20,pmc_nn,forrest,0.04296205719513695,PCA,-5454.149560609978,37354.29912121996
5,20,pmc_nn,forrest,0.04680908451921011,PCA,-5429.675790319157,35055.351580638315
6,20,pmc_nn,forrest,0.050597736598634674,PCA,-5438.744197235144,33771.48839447029
7,20,pmc_nn,forrest,0.06505333152446804,PCA,-5398.688359723822,34555.376719447646
8,20,pmc_nn,forrest,0.04181150685490738,PCA,-5433.564302133728,35063.128604267455
9,20,pmc_nn,forrest,0.043252165314252786,PCA,-5448.308447166134,36430.61689433227
10,20,pmc_nn,forrest,0.03927012429124105,PCA,-5449.449689000561,35536.899378001115
11,20,pmc_nn,forrest,0.03851645630367246,PCA,-5461.132104190486,37368.26420838097
12,20,pmc_nn,forrest,0.037127645604195285,PCA,-5477.448004500938,37400.89600900187
13,20,pmc_nn,forrest,0.03708673499487102,PCA,-5441.224017206118,32096.448034412235
0,20,aud_early,forrest,0.03041650935335935,PHATE,-5479.03840022608,21036.07680045216
1,20,aud_early,forrest,0.0243678067563916,PHATE,-4536.0265558095425,19436.053111619083
2,20,aud_early,forrest,0.008443239188695498,PHATE,-3906.7199346196808,19667.43986923936
3,20,aud_early,forrest,0.020082287085569025,PHATE,-3554.021636592219,18656.04327318444
4,20,aud_early,forrest,0.0580145616734352,PHATE,-5326.896176087532,21601.792352175064
5,20,aud_early,forrest,0.03971302995550975,PHATE,-5388.8969906214315,21431.79398124286
6,20,aud_early,forrest,0.013288785454553965,PHATE,-5373.545193101754,22601.090386203512
7,20,aud_early,forrest,0.03396805230056497,PHATE,-5396.6296519980215,22647.259303996045
8,20,aud_early,forrest,0.01017919598893654,PHATE,-5174.913120582782,20427.826241165563
9,20,aud_early,forrest,0.03526180584764097,PHATE,-5429.491317900169,21512.982635800337
10,20,aud_early,forrest,0.0302989401064624,PHATE,-5429.078364970564,21806.15672994112
11,20,aud_early,forrest,0.05111407199613022,PHATE,-3107.3435016399126,18378.687003279825
12,20,aud_early,forrest,0.02594115606974353,PHATE,-5436.709001675603,22119.418003351206
13,20,aud_early,forrest,0.02911284130022356,PHATE,-5425.772003838165,21799.54400767633
0,20,aud_early,forrest,0.0380847953917965,PCA,-5429.54864448164,20937.097288963283
1,20,aud_early,forrest,0.03184638883735562,PCA,-5406.1706340383835,21176.341268076765
2,20,aud_early,forrest,0.03962911843224702,PCA,-5439.7900843597245,22733.580168719447
3,20,aud_early,forrest,0.03344469028086111,PCA,-5424.958500771504,22397.917001543006
4,20,aud_early,forrest,0.05198846250136311,PCA,-5391.298532650821,21730.59706530164
5,20,aud_early,forrest,0.0354124904968664,PCA,-5427.452020165968,21508.904040331938
6,20,aud_early,forrest,0.048323538420687186,PCA,-5399.434018166564,22652.86803633313
7,20,aud_early,forrest,0.03663463343582317,PCA,-5429.917280722593,22713.834561445186
8,20,aud_early,forrest,0.03367705787200045,PCA,-5423.543496268552,20925.086992537104
9,20,aud_early,forrest,0.0399280595638938,PCA,-5439.372646981085,21532.745293962173
10,20,aud_early,forrest,0.04085005678198477,PCA,-5426.735429860577,21801.470859721154
11,20,aud_early,forrest,0.03715280969336013,PCA,-5407.854722529272,22979.709445058546
12,20,aud_early,forrest,0.033673792149975575,PCA,-5423.936191922355,22093.872383844708
13,20,aud_early,forrest,0.03705298889591252,PCA,-5420.811655526431,21789.623311052863
0,16,aud_early,sherlock,0.2040454550051833,PCA,-2707.337781349177,6132.675562698353
1,16,aud_early,sherlock,0.09805442965041823,PCA,-2821.762215080385,6361.52443016077
2,16,aud_early,sherlock,0.11986322886702515,PCA,-2818.657385799828,6355.314771599656
3,16,aud_early,sherlock,0.09079366178926156,PCA,-2832.1996967989116,6382.399393597823
4,16,aud_early,sherlock,0.10133191541226726,PCA,-2792.389869212564,6302.779738425127
5,16,aud_early,sherlock,0.07906116914607184,PCA,-2853.0255386985054,6424.051077397011
6,16,aud_early,sherlock,0.19073043934581416,PCA,-2726.94424292078,6171.88848584156
7,16,aud_early,sherlock,0.05698799478792864,PCA,-2873.4044723864736,6390.808944772947
8,16,aud_early,sherlock,0.1169336252256674,PCA,-2830.069689975747,6456.139379951494
9,16,aud_early,sherlock,0.06485601484965635,PCA,-2864.1718499262734,6606.343699852548
10,16,aud_early,sherlock,0.12248548489280875,PCA,-2799.033996273703,6394.067992547406
11,16,aud_early,sherlock,0.11420357409641348,PCA,-2836.385270869954,6316.770541739908
12,16,aud_early,sherlock,0.08435731453222735,PCA,-2870.834225829499,6385.668451658998
13,16,aud_early,sherlock,0.08234829272581026,PCA,-2827.3723289519744,6372.744657903949
14,16,aud_early,sherlock,0.10913461619030254,PCA,-2853.60690157904,6425.21380315808
15,16,aud_early,sherlock,0.057753137165699714,PCA,-2891.9824401783976,6427.964880356795
0,16,pmc_nn,sherlock,0.10978095620757317,PCA,-2815.474747991495,6978.94949598299
1,16,pmc_nn,sherlock,0.11778577667170755,PCA,-2847.565283314165,6749.1305666283315
2,16,pmc_nn,sherlock,0.07658880278632152,PCA,-2843.5966919055218,6651.1933838110435
3,16,pmc_nn,sherlock,0.10944664652919717,PCA,-2862.056022997677,6970.112045995354
4,16,pmc_nn,sherlock,0.05042635069247993,PCA,-2886.9731332724473,6921.946266544895
5,16,pmc_nn,sherlock,0.13276061157242505,PCA,-2817.4565897022167,7088.913179404433
6,16,pmc_nn,sherlock,0.10858948208654448,PCA,-2842.723244806419,6833.446489612838
7,16,pmc_nn,sherlock,0.08353401351896708,PCA,-2844.388695437951,7036.777390875902
8,16,pmc_nn,sherlock,0.10107768601984006,PCA,-2870.1978606351577,6888.395721270315
9,16,pmc_nn,sherlock,0.1176077831492107,PCA,-2878.433279713851,7210.866559427702
10,16,pmc_nn,sherlock,0.07599194649313756,PCA,-2898.6667400912715,6945.333480182543
11,16,pmc_nn,sherlock,0.09075834229793696,PCA,-2869.9495055486113,6985.899011097223
12,16,pmc_nn,sherlock,0.09286859531470774,PCA,-2866.5793892893844,6979.158778578769
13,16,pmc_nn,sherlock,0.09362758601806638,PCA,-2861.325104692153,6968.650209384306
14,16,pmc_nn,sherlock,0.11447635933033284,PCA,-2851.4796911952144,6850.959382390429
15,16,pmc_nn,sherlock,0.05889369290557661,PCA,-2911.1886200231233,6970.377240046247
0,20,pmc_nn,forrest,0.12163292066587875,TPHATE,-4004.579317681927,33093.158635363856
1,20,pmc_nn,forrest,0.17914302429588033,TPHATE,-4428.683335725852,35303.3666714517
2,20,pmc_nn,forrest,0.013478667795148058,TPHATE,-3697.9905580450627,30289.981116090126
3,20,pmc_nn,forrest,0.013910226677224222,TPHATE,-2436.009036957486,29956.01807391497
4,20,pmc_nn,forrest,0.18765263704026533,TPHATE,-4530.586775491432,35507.17355098286
5,20,pmc_nn,forrest,0.14712803336011612,TPHATE,-4994.799685819167,34185.59937163834
6,20,pmc_nn,forrest,0.07876830812244386,TPHATE,-4444.5249487632145,31783.04989752643
7,20,pmc_nn,forrest,0.1613743687455202,TPHATE,-4584.775378230588,32927.550756461176
8,20,pmc_nn,forrest,0.11717376575327328,TPHATE,-3468.113213159071,31132.226426318146
9,20,pmc_nn,forrest,0.23269818369163806,TPHATE,-4793.96685448117,35121.933708962344
10,20,pmc_nn,forrest,0.21837363002682808,TPHATE,-4879.027930653394,34396.055861306784
11,20,pmc_nn,forrest,0.12013215600791878,TPHATE,-3119.068380908825,32684.136761817652
12,20,pmc_nn,forrest,0.17612644591649154,TPHATE,-4982.916813003833,36411.83362600767
13,20,pmc_nn,forrest,0.14798527879693127,TPHATE,-4939.255084613095,31092.510169226185
0,20,high_Visual,forrest,0.1041778588086555,SMOOTH_PHATE,-5145.343326838089,20086.686653676177
1,20,high_Visual,forrest,0.13102534004835986,SMOOTH_PHATE,-3766.0672453712373,16776.134490742472
2,20,high_Visual,forrest,0.07786703190205592,SMOOTH_PHATE,-3017.90164971611,17281.80329943222
3,20,high_Visual,forrest,0.07871358433904459,SMOOTH_PHATE,-136.9033466842544,11519.806693368508
4,20,high_Visual,forrest,0.09978238848583412,SMOOTH_PHATE,-5105.736196949528,19455.472393899054
5,20,high_Visual,forrest,0.0991539060613574,SMOOTH_PHATE,-5171.602042378623,20421.20408475725
6,20,high_Visual,forrest,0.0878738869437865,SMOOTH_PHATE,-2240.0198349341526,13998.039669868303
7,20,high_Visual,forrest,0.15313099674301595,SMOOTH_PHATE,-3767.760106431485,17899.520212862968
8,20,high_Visual,forrest,0.0767025839929003,SMOOTH_PHATE,-1993.5344099727029,14641.068819945403
9,20,high_Visual,forrest,0.12984887326241584,SMOOTH_PHATE,-5053.20354126906,19902.407082538117
10,20,high_Visual,forrest,0.13842706397682694,SMOOTH_PHATE,-5093.121622054933,19160.243244109864
11,20,high_Visual,forrest,0.1234764100305412,SMOOTH_PHATE,-2341.4187500077483,15046.837500015496
12,20,high_Visual,forrest,0.06463257734004463,SMOOTH_PHATE,-5249.398538326439,20016.79707665288
13,20,high_Visual,forrest,0.11847173991730744,SMOOTH_PHATE,-5147.306145732016,20658.612291464036
0,16,aud_early,sherlock,0.10352825791170918,UMAP,-2233.0365606903383,5184.073121380677
1,16,aud_early,sherlock,0.04168465893485924,UMAP,-2037.672059516169,4793.344119032337
2,16,aud_early,sherlock,0.042813452237538886,UMAP,-1916.574154907617,4551.148309815233
3,16,aud_early,sherlock,0.18344971731834292,UMAP,-2746.4297794364,6210.859558872799
4,16,aud_early,sherlock,0.0715304005609682,UMAP,-1905.4682657639416,4528.936531527884
5,16,aud_early,sherlock,0.008570673653856685,UMAP,-2042.6254599540914,4803.250919908183
6,16,aud_early,sherlock,0.034989009754446236,UMAP,-1717.6284493482294,4153.256898696458
7,16,aud_early,sherlock,0.1119980642239659,UMAP,-2324.5242178162657,5293.048435632531
8,16,aud_early,sherlock,0.04259196039462195,UMAP,-2117.202188064022,5030.404376128044
9,16,aud_early,sherlock,0.041205013778039014,UMAP,-2405.500025256751,5689.000050513502
10,16,aud_early,sherlock,0.06638746593931177,UMAP,-2215.026737943346,5226.053475886692
11,16,aud_early,sherlock,0.02421163029895458,UMAP,-2252.062115982744,5148.124231965488
12,16,aud_early,sherlock,0.11649010483763685,UMAP,-2394.6234856047026,5433.246971209405
13,16,aud_early,sherlock,0.01872925478004394,UMAP,-1786.0746814738416,4290.149362947683
14,16,aud_early,sherlock,0.10687522042970768,UMAP,-2365.1391243880867,5448.278248776173
15,16,aud_early,sherlock,0.006529634299569383,UMAP,-2256.073345392981,5156.146690785961
0,20,early_visual,forrest,0.05209086575067643,PHATE,-5382.368078064416,31978.736156128838
1,20,early_visual,forrest,0.06586568422395606,PHATE,-5316.45794858224,31030.915897164483
2,20,early_visual,forrest,0.04126357155591594,PHATE,-5407.452703220387,30018.905406440776
3,20,early_visual,forrest,0.036673419901099666,PHATE,-5435.008003287525,35066.016006575046
4,20,early_visual,forrest,0.07549365633182165,PHATE,-5336.211932230252,33140.423864460514
5,20,early_visual,forrest,0.022942164740874384,PHATE,-5395.196101634119,29218.39220326824
6,20,early_visual,forrest,0.032026205005059934,PHATE,-5443.484858653994,33780.96971730799
7,20,early_visual,forrest,0.04627099727076033,PHATE,-5399.0384308560715,31196.076861712143
8,20,early_visual,forrest,0.07919657476689779,PHATE,-5374.720595079975,31147.441190159952
9,20,early_visual,forrest,0.052951118576796914,PHATE,-5356.825094534846,31517.650189069693
10,20,early_visual,forrest,0.03866836820736417,PHATE,-5408.974147012347,31621.948294024696
11,20,early_visual,forrest,0.0346105533241419,PHATE,-5430.162804147827,31664.325608295654
12,20,early_visual,forrest,0.04887026247766132,PHATE,-5422.653384398915,31243.306768797822
13,20,early_visual,forrest,0.044643550812222696,PHATE,-5394.158255982818,32416.31651196564
0,16,early_visual,sherlock,0.15101431844345858,ISOMAP,-2784.6109200654078,10173.221840130815
1,16,early_visual,sherlock,0.17420453349088874,ISOMAP,-2705.37896532104,9638.75793064208
2,16,early_visual,sherlock,0.16332618071455826,ISOMAP,-2776.1688387443305,10156.33767748866
3,16,early_visual,sherlock,0.15869803571288926,ISOMAP,-2765.443088843241,9758.886177686485
4,16,early_visual,sherlock,0.17342298034749107,ISOMAP,-2776.092676233321,9598.18535246664
5,16,early_visual,sherlock,0.2325370712966228,ISOMAP,-2685.091788343956,10366.183576687912
6,16,early_visual,sherlock,0.2332343624097543,ISOMAP,-2696.8374806849233,9807.674961369847
7,16,early_visual,sherlock,0.2134251636536544,ISOMAP,-2723.8250147418303,10051.65002948366
8,16,early_visual,sherlock,0.14577878559626622,ISOMAP,-2808.1598397164826,10414.319679432963
9,16,early_visual,sherlock,0.18438333650277053,ISOMAP,-2750.0513864744075,9728.102772948816
10,16,early_visual,sherlock,0.17405795617271388,ISOMAP,-2782.493859541261,10168.98771908252
11,16,early_visual,sherlock,0.13711650031340675,ISOMAP,-2794.402651699668,10002.805303399336
12,16,early_visual,sherlock,0.17800291791217676,ISOMAP,-2757.476745488753,9382.953490977508
13,16,early_visual,sherlock,0.13375138320218455,ISOMAP,-2770.7755248909198,10739.551049781841
14,16,early_visual,sherlock,0.20200588113656173,ISOMAP,-2670.6335735601583,9569.26714712032
15,16,early_visual,sherlock,0.1486177911734279,ISOMAP,-2771.727695779271,9411.455391558542
0,16,aud_early,sherlock,0.1184963635835412,ISOMAP,-2743.0200890574697,6204.04017811494
1,16,aud_early,sherlock,0.14603098540144746,ISOMAP,-2773.204441864739,6264.408883729478
2,16,aud_early,sherlock,0.13652017357395327,ISOMAP,-2787.379951470049,6292.759902940096
3,16,aud_early,sherlock,0.14584723340776876,ISOMAP,-2820.50474295122,6359.00948590244
4,16,aud_early,sherlock,0.12420211376092465,ISOMAP,-2747.7748795412226,6213.549759082445
5,16,aud_early,sherlock,0.08764437142220367,ISOMAP,-2844.4910255444984,6406.982051088997
6,16,aud_early,sherlock,0.16660412474338054,ISOMAP,-2713.3305106498638,6144.6610212997275
7,16,aud_early,sherlock,0.10833592148705566,ISOMAP,-2842.3646772409334,6328.729354481867
8,16,aud_early,sherlock,0.07850655493621546,ISOMAP,-2823.059453737225,6442.118907474451
9,16,aud_early,sherlock,0.14346010247727484,ISOMAP,-2796.594382554537,6471.188765109074
10,16,aud_early,sherlock,0.1192000167138684,ISOMAP,-2814.270058742417,6424.540117484835
11,16,aud_early,sherlock,0.08255923812484718,ISOMAP,-2829.010385554066,6302.020771108132
12,16,aud_early,sherlock,0.0602596189819396,ISOMAP,-2857.468475372646,6358.936950745292
13,16,aud_early,sherlock,0.12649792899660886,ISOMAP,-2755.9781958661265,6229.956391732253
14,16,aud_early,sherlock,0.13202230773311271,ISOMAP,-2796.872266850623,6311.744533701246
15,16,aud_early,sherlock,0.09258716125556928,ISOMAP,-2852.5331531424376,6349.066306284875
0,16,high_Visual,sherlock,0.023801571272687283,LLE,-2849.590454431636,6495.180908863272
1,16,high_Visual,sherlock,0.08732355230792611,LLE,-2870.258497506025,6704.51699501205
2,16,high_Visual,sherlock,0.07831934437987997,LLE,-2776.0178390071633,6516.035678014327
3,16,high_Visual,sherlock,0.10290913437432286,LLE,-3254.3139035155473,7562.627807031095
4,16,high_Visual,sherlock,0.038609157816497666,LLE,-2776.1888269016804,6516.377653803361
5,16,high_Visual,sherlock,0.09767785716480586,LLE,-2844.661767218887,6485.323534437774
6,16,high_Visual,sherlock,0.11706376956142955,LLE,-2613.352280920511,6280.704561841022
7,16,high_Visual,sherlock,0.06925668018456489,LLE,-2901.431711171505,6680.863422343012
8,16,high_Visual,sherlock,0.03800765364460567,LLE,-2894.28014659834,6752.56029319668
9,16,high_Visual,sherlock,0.14228209750656007,LLE,-2813.261930983317,6680.523861966634
10,16,high_Visual,sherlock,0.09974253928960286,LLE,-2798.185838413882,6650.371676827764
11,16,high_Visual,sherlock,0.06939548854997198,LLE,-2893.140536541368,6750.281073082736
12,16,high_Visual,sherlock,0.05310964838723143,LLE,-3157.130288097583,7110.260576195166
13,16,high_Visual,sherlock,0.11652545508092475,LLE,-2535.274296182477,6124.548592364955
14,16,high_Visual,sherlock,0.054013231131258915,LLE,-3132.8445214955686,7229.689042991137
15,16,high_Visual,sherlock,0.10452049287790677,LLE,-2852.034970526053,6582.069941052106
0,20,aud_early,forrest,0.09215196875354296,SMOOTH_PHATE,-5147.358963515627,20372.71792703125
1,20,aud_early,forrest,0.1013897368268514,SMOOTH_PHATE,-3528.522491357239,17421.044982714477
2,20,aud_early,forrest,0.1014856160973778,SMOOTH_PHATE,-2685.5164729750163,17225.03294595003
3,20,aud_early,forrest,0.03507696953328043,SMOOTH_PHATE,-2400.0037457571852,16348.007491514367
4,20,aud_early,forrest,0.14633167629147525,SMOOTH_PHATE,-4995.767524395808,20939.53504879161
5,20,aud_early,forrest,0.11154444138845256,SMOOTH_PHATE,-5024.218996693689,20702.43799338738
6,20,aud_early,forrest,0.08838402289159399,SMOOTH_PHATE,-3670.097776164425,19194.19555232885
7,20,aud_early,forrest,0.03466898332462888,SMOOTH_PHATE,-3618.837223354591,19091.67444670918
8,20,aud_early,forrest,0.06004964150811735,SMOOTH_PHATE,-2238.807670522096,14555.615341044191
9,20,aud_early,forrest,0.10057418835072092,SMOOTH_PHATE,-5208.061580224016,21070.123160448038
10,20,aud_early,forrest,0.08887831020895291,SMOOTH_PHATE,-5229.385002471349,21406.7700049427
11,20,aud_early,forrest,0.4433906611196887,SMOOTH_PHATE,-1879.2651843170495,15922.5303686341
12,20,aud_early,forrest,0.0771105339334925,SMOOTH_PHATE,-5211.246262036804,21668.49252407361
13,20,aud_early,forrest,0.1062682173579811,SMOOTH_PHATE,-5119.234369817948,21186.468739635897
0,20,aud_early,forrest,0.11420423123036084,TPHATE,-4322.530971176717,18723.061942353434
1,20,aud_early,forrest,0.172458877189699,TPHATE,-3494.423880036141,17352.84776007228
2,20,aud_early,forrest,0.0675584844543868,TPHATE,-1327.6191335117192,14509.238267023438
3,20,aud_early,forrest,0.15445891942576212,TPHATE,-1876.8941057893005,15301.788211578601
4,20,aud_early,forrest,0.1440193622929996,TPHATE,-4895.113211039268,20738.226422078536
5,20,aud_early,forrest,0.09892887421883273,TPHATE,-5086.258012418058,20826.516024836117
6,20,aud_early,forrest,0.1813536404498388,TPHATE,-3115.22910889047,18084.45821778094
7,20,aud_early,forrest,0.07947024029987032,TPHATE,-2731.901194957533,17317.802389915065
8,20,aud_early,forrest,0.008969829543964367,TPHATE,-2124.2449732224604,14326.489946444919
9,20,aud_early,forrest,0.15382229822014953,TPHATE,-5085.51318488154,20825.02636976308
10,20,aud_early,forrest,0.0955166306297388,TPHATE,-4940.720884330106,20829.44176866021
11,20,aud_early,forrest,0.11258118178950167,TPHATE,-2245.5313735014724,16655.062747002943
12,20,aud_early,forrest,0.11394625392737892,TPHATE,-4163.524779714705,19573.049559429408
13,20,aud_early,forrest,0.15356024174423374,TPHATE,-4765.203430457694,20478.406860915387
0,16,high_Visual,sherlock,0.07520764121857608,ISOMAP,-2873.022508299577,6542.045016599154
1,16,high_Visual,sherlock,0.07463632854340234,ISOMAP,-2870.4608722936027,6704.9217445872055
2,16,high_Visual,sherlock,0.07656403609726574,ISOMAP,-2852.241952950293,6668.483905900586
3,16,high_Visual,sherlock,0.17241105123340572,ISOMAP,-2715.6415421235088,6485.2830842470175
4,16,high_Visual,sherlock,0.06150689184745335,ISOMAP,-2874.649877197929,6713.299754395859
5,16,high_Visual,sherlock,0.08672469787608336,ISOMAP,-2873.4856032704884,6542.971206540977
6,16,high_Visual,sherlock,0.20597850915606225,ISOMAP,-2657.214166788904,6368.428333577806
7,16,high_Visual,sherlock,0.06464903640259574,ISOMAP,-2897.994119985028,6673.988239970056
8,16,high_Visual,sherlock,0.06889343256713422,ISOMAP,-2895.9631079203064,6755.926215840613
9,16,high_Visual,sherlock,0.10390509858548704,ISOMAP,-2845.9228378416856,6745.845675683371
10,16,high_Visual,sherlock,0.12522244866851534,ISOMAP,-2834.550762172983,6723.101524345966
11,16,high_Visual,sherlock,0.07441348520796162,ISOMAP,-2884.871573503143,6733.743147006286
12,16,high_Visual,sherlock,0.0790992191128493,ISOMAP,-2877.775063974127,6551.550127948254
13,16,high_Visual,sherlock,0.1753439209125002,ISOMAP,-2737.298123906168,6528.5962478123365
14,16,high_Visual,sherlock,0.08417661951883597,ISOMAP,-2805.6154652238342,6575.2309304476685
15,16,high_Visual,sherlock,0.1029472505076449,ISOMAP,-2861.252272375033,6600.504544750067
0,20,pmc_nn,forrest,0.04272821898857709,SMOOTH_PHATE,-5382.067039099966,35848.13407819993
1,20,pmc_nn,forrest,0.0429624932854993,SMOOTH_PHATE,-5432.729627134774,37311.459254269554
2,20,pmc_nn,forrest,0.010534943978316237,SMOOTH_PHATE,-5493.0787091007705,33880.15741820155
3,20,pmc_nn,forrest,0.06386711375918132,SMOOTH_PHATE,-5255.980152109789,35595.96030421958
4,20,pmc_nn,forrest,0.08854000901009604,SMOOTH_PHATE,-5254.4140222857395,36954.82804457148
5,20,pmc_nn,forrest,0.0835085887236746,SMOOTH_PHATE,-5221.551564630056,34639.10312926011
6,20,pmc_nn,forrest,0.04587314713946136,SMOOTH_PHATE,-5349.141258574443,33592.28251714889
7,20,pmc_nn,forrest,0.08876489777270348,SMOOTH_PHATE,-5265.564849667529,34289.129699335055
8,20,pmc_nn,forrest,0.06846177087119701,SMOOTH_PHATE,-5265.425596829173,34726.851193658345
9,20,pmc_nn,forrest,0.1869258185814268,SMOOTH_PHATE,-5021.895525220029,35577.791050440064
10,20,pmc_nn,forrest,0.21852003115685764,SMOOTH_PHATE,-4808.743178823034,34255.48635764607
11,20,pmc_nn,forrest,0.02103857727482046,SMOOTH_PHATE,-5489.706548435915,37425.41309687183
12,20,pmc_nn,forrest,0.07100306978010104,SMOOTH_PHATE,-5377.600714570252,37201.201429140514
13,20,pmc_nn,forrest,0.10762616903015763,SMOOTH_PHATE,-5162.705291618422,31539.410583236844
0,16,high_Visual,sherlock,0.09588603229457797,TSNE,-2858.2137217130794,6512.427443426159
1,16,high_Visual,sherlock,0.09808175153388207,TSNE,-2838.356810988841,6640.713621977683
2,16,high_Visual,sherlock,0.14743223763894905,TSNE,-2816.970288617193,6597.940577234386
3,16,high_Visual,sherlock,0.131698627358544,TSNE,-2781.399069267362,6616.798138534724
4,16,high_Visual,sherlock,0.08824556308329719,TSNE,-2827.0947260951125,6618.189452190223
5,16,high_Visual,sherlock,0.0830398259896215,TSNE,-2878.1079203485424,6552.215840697085
6,16,high_Visual,sherlock,0.2496502762055206,TSNE,-2582.606295261416,6219.212590522832
7,16,high_Visual,sherlock,0.10130542448688012,TSNE,-2857.718081010587,6593.436162021174
8,16,high_Visual,sherlock,0.07933176609145895,TSNE,-2924.5755007696366,6813.151001539273
9,16,high_Visual,sherlock,0.12424873652767368,TSNE,-2831.0579967017884,6716.115993403577
10,16,high_Visual,sherlock,0.085864286436773,TSNE,-2840.4869118531983,6734.973823706397
11,16,high_Visual,sherlock,0.08685035860763099,TSNE,-2883.302360358656,6730.604720717312
12,16,high_Visual,sherlock,0.08163305190621589,TSNE,-2896.712970070648,6589.425940141296
13,16,high_Visual,sherlock,0.21495312425605492,TSNE,-2717.5668761562297,6489.1337523124585
14,16,high_Visual,sherlock,0.20150311937815774,TSNE,-2605.8053834463017,6175.610766892602
15,16,high_Visual,sherlock,0.1108713163181594,TSNE,-2842.6385516281543,6563.277103256309
0,20,early_visual,forrest,0.11360050161373228,SMOOTH_PHATE,-5154.671419651457,31523.342839302913
1,20,early_visual,forrest,0.1309077742956275,SMOOTH_PHATE,-4363.031833144943,29124.063666289887
2,20,early_visual,forrest,0.0998552982877909,SMOOTH_PHATE,-4986.158945266525,29176.317890533053
3,20,early_visual,forrest,0.1992619890684032,SMOOTH_PHATE,-2387.3202364136805,28970.640472827363
4,20,early_visual,forrest,0.14464631889320356,SMOOTH_PHATE,-5088.207440129973,32644.414880259945
5,20,early_visual,forrest,0.09272497720887517,SMOOTH_PHATE,-5196.911285642814,28821.82257128563
6,20,early_visual,forrest,0.08496218465577877,SMOOTH_PHATE,-4778.283172305144,32450.566344610288
7,20,early_visual,forrest,0.10958742824840267,SMOOTH_PHATE,-4995.066105592067,30388.132211184136
8,20,early_visual,forrest,0.059504074786366476,SMOOTH_PHATE,-2717.364089870334,25832.72817974067
9,20,early_visual,forrest,0.12397459816312276,SMOOTH_PHATE,-5116.817208346426,31037.63441669285
10,20,early_visual,forrest,0.11363363939912452,SMOOTH_PHATE,-5087.3605527756545,30978.721105551314
11,20,early_visual,forrest,0.07673366419484501,SMOOTH_PHATE,-5057.5724255385085,30919.144851077017
12,20,early_visual,forrest,0.1145459402199913,SMOOTH_PHATE,-5078.264786692285,30554.52957338457
13,20,early_visual,forrest,0.14874212424313346,SMOOTH_PHATE,-5119.206532098499,31866.413064197
0,16,early_visual,sherlock,0.26278436685893586,SMOOTH_PHATE,-2590.226458183699,9784.452916367398
1,16,early_visual,sherlock,0.6118910827731998,SMOOTH_PHATE,-1191.0976593298378,6610.195318659677
2,16,early_visual,sherlock,0.6839937615808952,SMOOTH_PHATE,-1365.8969680760586,7335.793936152117
3,16,early_visual,sherlock,0.4001455823793,SMOOTH_PHATE,-2393.147846655549,9014.295693311098
4,16,early_visual,sherlock,0.5571189935601263,SMOOTH_PHATE,-1511.9654272217597,7069.930854443519
5,16,early_visual,sherlock,0.5960699617268411,SMOOTH_PHATE,-1901.7040366676001,8799.408073335198
6,16,early_visual,sherlock,0.5216454063028472,SMOOTH_PHATE,-1729.4029051756138,7872.805810351228
7,16,early_visual,sherlock,0.5931735427917137,SMOOTH_PHATE,-1807.12082481022,8218.24164962044
8,16,early_visual,sherlock,0.3683974258943661,SMOOTH_PHATE,-2513.6511791552257,9825.302358310451
9,16,early_visual,sherlock,0.2879861639651657,SMOOTH_PHATE,-2544.315730494713,9316.631460989423
10,16,early_visual,sherlock,0.3879181885894948,SMOOTH_PHATE,-2284.460380087639,9172.920760175279
11,16,early_visual,sherlock,0.6655663900635013,SMOOTH_PHATE,-743.1773421949832,5900.354684389967
12,16,early_visual,sherlock,0.271969539936633,SMOOTH_PHATE,-2603.3640987226845,9074.728197445367
13,16,early_visual,sherlock,0.7327673486897677,SMOOTH_PHATE,-930.9799819217757,7059.959963843551
14,16,early_visual,sherlock,0.4670194431782322,SMOOTH_PHATE,-1926.665389714485,8081.330779428969
15,16,early_visual,sherlock,0.6114344877516318,SMOOTH_PHATE,-1279.7044621672026,6427.408924334405
0,20,early_visual,forrest,0.06687160850710748,PCA,-5355.488907218303,31924.977814436606
1,20,early_visual,forrest,0.0800577863602724,PCA,-5334.777497188552,31067.554994377104
2,20,early_visual,forrest,0.053092407959990456,PCA,-5413.68708444642,30031.374168892842
3,20,early_visual,forrest,0.054240150363201435,PCA,-5419.411592373259,35034.82318474652
4,20,early_visual,forrest,0.08108007979534879,PCA,-5328.245934341157,33124.491868682315
5,20,early_visual,forrest,0.056828926834026364,PCA,-5395.457490508727,29218.91498101745
6,20,early_visual,forrest,0.03469744910908842,PCA,-5461.680525208947,33817.361050417894
7,20,early_visual,forrest,0.06420696123926944,PCA,-5403.024785832553,31204.049571665102
8,20,early_visual,forrest,0.046488430918953036,PCA,-5408.389515311751,31214.779030623507
9,20,early_visual,forrest,0.0773197231120208,PCA,-5322.712945174414,31449.425890348833
10,20,early_visual,forrest,0.05146174548164911,PCA,-5402.693380608303,31609.386761216607
11,20,early_visual,forrest,0.0525656599411808,PCA,-5426.372964132536,31656.745928265078
12,20,early_visual,forrest,0.059705259453708324,PCA,-5407.516469383161,31213.03293876632
13,20,early_visual,forrest,0.05689275239318185,PCA,-5380.936890197637,32389.87378039528
0,20,aud_early,forrest,0.018397955148220558,TSNE,-5461.364995528163,21000.729991056323
1,20,aud_early,forrest,0.02146490098507208,TSNE,-5190.427359144022,20744.854718288047
2,20,aud_early,forrest,0.017144052553612208,TSNE,-5214.853902537825,22283.70780507565
3,20,aud_early,forrest,0.012288840492033723,TSNE,-5008.786243173632,21565.572486347264
4,20,aud_early,forrest,0.044066325395002,TSNE,-5430.772796829423,21809.545593658848
5,20,aud_early,forrest,0.043834840668374064,TSNE,-5387.936867614128,21429.87373522825
6,20,aud_early,forrest,0.03741176415057434,TSNE,-5368.361869334213,22590.723738668432
7,20,aud_early,forrest,0.042717608274215516,TSNE,-5405.797668276026,22665.59533655205
8,20,aud_early,forrest,0.031065283287580733,TSNE,-5270.3479799854795,20618.69595997096
9,20,aud_early,forrest,0.035907661144808915,TSNE,-5417.829048350763,21489.658096701525
10,20,aud_early,forrest,0.036155304391371816,TSNE,-5406.112175319493,21760.224350638986
11,20,aud_early,forrest,0.02317588409850584,TSNE,-3747.056867335401,19658.113734670802
12,20,aud_early,forrest,0.033813488152552376,TSNE,-5457.6885282954745,22161.377056590947
13,20,aud_early,forrest,0.043514204082865326,TSNE,-5404.380214177613,21756.760428355232
0,20,pmc_nn,forrest,0.020732132745821502,TSNE,-5466.525483070973,36017.05096614195
1,20,pmc_nn,forrest,0.04746532039482538,TSNE,-5368.542848282876,37183.08569656575
2,20,pmc_nn,forrest,0.017494827826481242,TSNE,-5515.346506705947,33924.693013411896
3,20,pmc_nn,forrest,0.016104281982300583,TSNE,-5460.268215433342,36004.53643086668
4,20,pmc_nn,forrest,0.0306411608124838,TSNE,-5473.656641781014,37393.313283562034
5,20,pmc_nn,forrest,0.039742415885570384,TSNE,-5432.362813480584,35060.72562696117
6,20,pmc_nn,forrest,0.046818460561414296,TSNE,-5436.16282473553,33766.325649471066
7,20,pmc_nn,forrest,0.04698249259803306,TSNE,-5404.255741534215,34566.51148306843
8,20,pmc_nn,forrest,0.04401630870062328,TSNE,-5448.901352996152,35093.802705992304
9,20,pmc_nn,forrest,0.04431582998276437,TSNE,-5465.354791899388,36464.70958379877
10,20,pmc_nn,forrest,0.04174394108920111,TSNE,-5439.369167908253,35516.73833581652
11,20,pmc_nn,forrest,0.02522952867938757,TSNE,-5490.874293162421,37427.74858632485
12,20,pmc_nn,forrest,0.026950710916702456,TSNE,-5469.982111665632,37385.96422333126
13,20,pmc_nn,forrest,0.03179008707445584,TSNE,-5467.968659631552,32149.937319263106
0,20,early_visual,forrest,0.07734090784828912,TSNE,-5358.309832221936,31930.619664443868
1,20,early_visual,forrest,0.07342868255122308,TSNE,-5348.0276430948825,31094.055286189767
2,20,early_visual,forrest,0.048692669387810784,TSNE,-5421.020252013821,30046.040504027642
3,20,early_visual,forrest,0.05853742602940105,TSNE,-5347.384674769219,34890.76934953844
4,20,early_visual,forrest,0.0674226256248034,TSNE,-5349.646006878373,33167.29201375674
5,20,early_visual,forrest,0.06028265432820948,TSNE,-5385.150695228327,29198.30139045665
6,20,early_visual,forrest,0.04070888550177336,TSNE,-5435.265650460996,33764.53130092199
7,20,early_visual,forrest,0.04541275867110358,TSNE,-5327.266353639207,31052.532707278417
8,20,early_visual,forrest,0.05897642431800794,TSNE,-5365.4017781022385,31128.80355620448
9,20,early_visual,forrest,0.07332562790098834,TSNE,-5364.82757296595,31533.655145931898
10,20,early_visual,forrest,0.057488470497762616,TSNE,-5388.80114767926,31581.60229535852
11,20,early_visual,forrest,0.03271205001536151,TSNE,-5188.418759084992,31180.837518169985
12,20,early_visual,forrest,0.05522484533566737,TSNE,-5396.151068370717,31190.30213674144
13,20,early_visual,forrest,0.05456746406696561,TSNE,-5404.905634152707,32437.81126830541
0,20,aud_early,forrest,0.055836641565996235,PHATE_TIME,4948.22377112709,181.55245774582002
1,20,aud_early,forrest,0.08538688330789733,PHATE_TIME,5961.638624611563,-1559.2772492231234
2,20,aud_early,forrest,0.02533094219215112,PHATE_TIME,6283.342909070082,-712.6858181401641
3,20,aud_early,forrest,0.06223002710857741,PHATE_TIME,5608.488040675521,331.023918648958
4,20,aud_early,forrest,0.1218799776350618,PHATE_TIME,5443.904860388844,60.190279222311794
5,20,aud_early,forrest,0.030916330540150732,PHATE_TIME,4992.232338422946,669.5353231541085
6,20,aud_early,forrest,0.059349016262628285,PHATE_TIME,5700.968062438153,452.06387512369474
7,20,aud_early,forrest,0.16407388489008934,PHATE_TIME,4331.341576387538,3191.3168472249235
8,20,aud_early,forrest,0.09973359183548336,PHATE_TIME,5509.364256195522,-940.7285123910443
9,20,aud_early,forrest,0.02792646982490434,PHATE_TIME,5697.46213049186,-740.9242609837203
10,20,aud_early,forrest,0.1423976056333853,PHATE_TIME,5504.730867832445,-61.46173566489051
11,20,aud_early,forrest,0.03011386425840925,PHATE_TIME,5021.131051924347,2121.7378961513064
12,20,aud_early,forrest,0.017799709581450985,PHATE_TIME,5156.333419920735,933.3331601585304
13,20,aud_early,forrest,0.14859591467129876,PHATE_TIME,4963.395921931392,1021.2081561372161
0,20,early_visual,forrest,0.05548476242583522,PHATE_TIME,5630.587727824289,9952.824544351424
1,20,early_visual,forrest,0.0829652102700285,PHATE_TIME,4828.203604893623,10741.592790212757
2,20,early_visual,forrest,0.0870503825557493,PHATE_TIME,5044.8833994719735,9114.233201056053
3,20,early_visual,forrest,0.07025594836691704,PHATE_TIME,6091.284003008904,12013.431993982193
4,20,early_visual,forrest,0.15059270555171933,PHATE_TIME,3963.189398843515,14541.621202312968
5,20,early_visual,forrest,0.2046722343720316,PHATE_TIME,3271.273635294467,11885.452729411067
6,20,early_visual,forrest,0.14010155684778325,PHATE_TIME,5652.914787035295,11588.17042592941
7,20,early_visual,forrest,0.09628965654391844,PHATE_TIME,5876.264715770874,8645.470568458251
8,20,early_visual,forrest,0.10810549850555408,PHATE_TIME,5215.194737882324,9967.610524235351
9,20,early_visual,forrest,0.11048803416047294,PHATE_TIME,5063.285355612116,10677.429288775767
10,20,early_visual,forrest,0.1016705265018811,PHATE_TIME,5068.134738898988,10667.730522202024
11,20,early_visual,forrest,0.10278190852815293,PHATE_TIME,4338.696456788982,12126.607086422036
12,20,early_visual,forrest,0.036845138188446064,PHATE_TIME,5123.7191495122615,10150.561700975477
13,20,early_visual,forrest,0.06312218080374056,PHATE_TIME,6641.864193452567,8344.271613094867
0,20,early_visual,forrest,0.039690623226899785,LLE,-5336.984505889452,31887.9690117789
1,20,early_visual,forrest,0.045747755866040886,LLE,-5069.503750138155,30537.007500276315
2,20,early_visual,forrest,0.029989303665546037,LLE,-5326.16632737908,29856.332654758164
3,20,early_visual,forrest,0.0041809715365099176,LLE,-4041.129693160468,32278.259386320937
4,20,early_visual,forrest,0.054298141804171585,LLE,-5220.148833373186,32908.297666746366
5,20,early_visual,forrest,0.047073495288868936,LLE,-5378.652368684257,29185.304737368522
6,20,early_visual,forrest,0.02947066026796953,LLE,-5161.7534710684695,33217.50694213694
7,20,early_visual,forrest,0.02780459965468269,LLE,-5418.861311413426,31235.722622826845
8,20,early_visual,forrest,0.02644088633135589,LLE,-5412.753474227004,31223.506948454007
9,20,early_visual,forrest,0.05935271285475185,LLE,-5309.580206101883,31423.160412203768
10,20,early_visual,forrest,0.018309776844284642,LLE,-5328.699636483748,31461.39927296749
11,20,early_visual,forrest,0.02806819088318114,LLE,-4952.550491209432,30709.100982418862
12,20,early_visual,forrest,0.04068470893890356,LLE,-5350.338729815743,31098.67745963149
13,20,early_visual,forrest,0.0444588742483389,LLE,-5318.779155831077,32265.558311662156
0,16,early_visual,sherlock,0.2072465208012458,TSNE,-2718.4435922788743,10040.887184557749
1,16,early_visual,sherlock,0.17782056612730435,TSNE,-2740.3215083141704,9708.64301662834
2,16,early_visual,sherlock,0.15950666925576076,TSNE,-2788.623714749461,10181.247429498922
3,16,early_visual,sherlock,0.14232581609975853,TSNE,-2802.253145424077,9832.506290848156
4,16,early_visual,sherlock,0.14067967808669693,TSNE,-2756.971532471997,9559.943064943991
5,16,early_visual,sherlock,0.2058975996087087,TSNE,-2724.560724938082,10445.121449876164
6,16,early_visual,sherlock,0.1880490809507928,TSNE,-2713.3174696930373,9840.634939386071
7,16,early_visual,sherlock,0.1751831894072411,TSNE,-2761.5000573552925,10127.000114710583
8,16,early_visual,sherlock,0.12564773737383111,TSNE,-2819.1023609275094,10436.204721855018
9,16,early_visual,sherlock,0.14004989653060407,TSNE,-2802.1505003277753,9832.301000655549
10,16,early_visual,sherlock,0.13536544519287774,TSNE,-2804.886333791209,10213.772667582418
11,16,early_visual,sherlock,0.15973055190646354,TSNE,-2783.3693778467964,9980.738755693592
12,16,early_visual,sherlock,0.14643028031751049,TSNE,-2796.8858040101677,9461.771608020335
13,16,early_visual,sherlock,0.16358401111871593,TSNE,-2765.8425343797144,10729.685068759427
14,16,early_visual,sherlock,0.1733983942134087,TSNE,-2699.948419709371,9627.89683941874
15,16,early_visual,sherlock,0.14889333610974054,TSNE,-2791.624876176604,9451.249752353207
0,16,aud_early,sherlock,0.29287786609767164,SMOOTH_PHATE,-2191.9698438102946,5101.939687620589
1,16,aud_early,sherlock,0.367969815040556,SMOOTH_PHATE,135.13411763060782,447.7317647387844
2,16,aud_early,sherlock,0.23951025136547924,SMOOTH_PHATE,-58.20817101033994,834.4163420206797
3,16,aud_early,sherlock,0.3965612591530571,SMOOTH_PHATE,53.93139220551304,610.137215588974
4,16,aud_early,sherlock,0.3050503674173922,SMOOTH_PHATE,429.9513152278498,-141.9026304556996
5,16,aud_early,sherlock,0.3088841828771112,SMOOTH_PHATE,65.3472272634741,587.3055454730518
6,16,aud_early,sherlock,0.3094027781680995,SMOOTH_PHATE,201.34730424344605,315.30539151310785
7,16,aud_early,sherlock,0.3281047888141444,SMOOTH_PHATE,155.5769405737028,332.8461188525944
8,16,aud_early,sherlock,0.5443839114563642,SMOOTH_PHATE,-710.3009691278867,2216.6019382557733
9,16,aud_early,sherlock,0.3290356339679418,SMOOTH_PHATE,109.38145696559485,659.2370860688103
10,16,aud_early,sherlock,0.2701702481899145,SMOOTH_PHATE,570.4616975191193,-344.9233950382388
11,16,aud_early,sherlock,0.2375074351248007,SMOOTH_PHATE,412.89431368795977,-181.78862737591956
12,16,aud_early,sherlock,0.346503281338083,SMOOTH_PHATE,-2366.418930051052,5376.837860102104
13,16,aud_early,sherlock,0.40455381375701577,SMOOTH_PHATE,-1758.1026811567453,4234.205362313492
14,16,aud_early,sherlock,0.8477865703436388,SMOOTH_PHATE,-553.3041967584421,1824.6083935168838
15,16,aud_early,sherlock,0.20068590137932346,SMOOTH_PHATE,-2022.9701891297727,4689.9403782595455
0,16,high_Visual,sherlock,0.07281148954206965,PHATE,-2859.827016984809,6515.654033969618
1,16,high_Visual,sherlock,0.09664673567675468,PHATE,-2850.7439517132375,6665.487903426473
2,16,high_Visual,sherlock,0.13045245755810075,PHATE,-2822.753353716983,6609.506707433966
3,16,high_Visual,sherlock,0.10837552516967533,PHATE,-2780.7567731217578,6615.5135462435155
4,16,high_Visual,sherlock,0.0956656111616987,PHATE,-2752.9707685701546,6469.941537140309
5,16,high_Visual,sherlock,0.08638458575644475,PHATE,-2883.507516293161,6563.015032586322
6,16,high_Visual,sherlock,0.21495109689129896,PHATE,-2642.658841284903,6339.317682569806
7,16,high_Visual,sherlock,0.06407552725697895,PHATE,-2911.4952685213543,6700.990537042709
8,16,high_Visual,sherlock,0.056712438146006613,PHATE,-2921.4270857430565,6806.854171486113
9,16,high_Visual,sherlock,0.10143789549429154,PHATE,-2834.1499543867635,6722.299908773527
10,16,high_Visual,sherlock,0.06346468302109677,PHATE,-2906.570407986365,6867.14081597273
11,16,high_Visual,sherlock,0.054809471219657686,PHATE,-2918.020081716419,6800.040163432838
12,16,high_Visual,sherlock,0.09495195193437583,PHATE,-2855.69869600024,6507.39739200048
13,16,high_Visual,sherlock,0.16896020429649128,PHATE,-2736.6709015486285,6527.341803097257
14,16,high_Visual,sherlock,0.29667006090833703,PHATE,-2586.4982414933825,6136.996482986765
15,16,high_Visual,sherlock,0.03938242033278728,PHATE,-2924.0226051238433,6726.045210247687
0,20,aud_early,forrest,0.018897723868454425,LLE,-4370.882605018031,18819.76521003606
1,20,aud_early,forrest,0.011611417757596396,LLE,-4444.174871525486,19252.34974305097
2,20,aud_early,forrest,0.045844570476721413,LLE,-4100.886725310605,20055.773450621207
3,20,aud_early,forrest,0.010124377968993282,LLE,-5196.873596429769,21941.74719285954
4,20,aud_early,forrest,0.05100929744545859,LLE,-5287.899079998321,21523.798159996644
5,20,aud_early,forrest,0.04712024011778323,LLE,-5363.064537537538,21380.12907507508
6,20,aud_early,forrest,0.059766634472674586,LLE,-5114.401667941985,22082.80333588397
7,20,aud_early,forrest,0.0399173138592008,LLE,-4695.042179657428,21244.084359314857
8,20,aud_early,forrest,0.29190585719808804,LLE,-4400.625577395999,18879.251154792
9,20,aud_early,forrest,0.05216428567909145,LLE,-5399.642006546435,21453.284013092867
10,20,aud_early,forrest,0.03880955134301616,LLE,-5424.851643179884,21797.703286359767
11,20,aud_early,forrest,0.018050323078751814,LLE,-4700.19201965756,21564.38403931512
12,20,aud_early,forrest,0.020479770630620682,LLE,-5368.621416154941,21983.24283230988
13,20,aud_early,forrest,0.005232726845590837,LLE,-6323.04317108769,23594.086342175386
0,16,early_visual,sherlock,0.1961308535522316,PCA,-2754.311811505561,10112.623623011124
1,16,early_visual,sherlock,0.1405786910723202,PCA,-2744.361223085303,9716.722446170605
2,16,early_visual,sherlock,0.18377399428327207,PCA,-2748.296440849279,10100.592881698558
3,16,early_visual,sherlock,0.15590855182742785,PCA,-2769.179486523937,9766.358973047874
4,16,early_visual,sherlock,0.1478774466033996,PCA,-2773.5231983188824,9593.046396637763
5,16,early_visual,sherlock,0.18686061709960536,PCA,-2724.8540742454875,10445.708148490976
6,16,early_visual,sherlock,0.1662737607653183,PCA,-2718.9211601912257,9851.842320382453
7,16,early_visual,sherlock,0.2173682388162247,PCA,-2700.5828860035595,10005.16577200712
8,16,early_visual,sherlock,0.16184012672992334,PCA,-2761.7822095623865,10321.564419124774
9,16,early_visual,sherlock,0.16544740916415165,PCA,-2800.1877122175124,9828.375424435024
10,16,early_visual,sherlock,0.14980826970758426,PCA,-2794.214895519541,10192.42979103908
11,16,early_visual,sherlock,0.16983598110700138,PCA,-2779.583016571862,9973.166033143725
12,16,early_visual,sherlock,0.1675573609962322,PCA,-2770.0952299921746,9408.190459984351
13,16,early_visual,sherlock,0.13462710294339214,PCA,-2816.5874064369627,10831.174812873924
14,16,early_visual,sherlock,0.15434098340773506,PCA,-2746.26639956308,9720.53279912616
15,16,early_visual,sherlock,0.14879788151084286,PCA,-2789.6682366333785,9447.336473266756
0,20,high_Visual,forrest,0.051224853167092736,PHATE,-5378.104723845426,20552.209447690853
1,20,high_Visual,forrest,0.04419165456954857,PHATE,-5362.604058353034,19969.208116706068
2,20,high_Visual,forrest,0.051141764226542465,PHATE,-5365.704403633378,21977.408807266762
3,20,high_Visual,forrest,0.032725207736452946,PHATE,-5372.790261541006,21991.58052308201
4,20,high_Visual,forrest,0.03972036123287495,PHATE,-5349.874724310979,19943.749448621962
5,20,high_Visual,forrest,0.04928573608884728,PHATE,-5342.215142283395,20762.430284566788
6,20,high_Visual,forrest,0.053794104541071835,PHATE,-5362.711228091273,20243.42245618255
7,20,high_Visual,forrest,0.047398940767224264,PHATE,-5367.941990810459,21099.88398162092
8,20,high_Visual,forrest,0.055930006261221625,PHATE,-5331.954405467829,21317.90881093566
9,20,high_Visual,forrest,0.053443954091503716,PHATE,-5325.317845526243,20446.635691052485
10,20,high_Visual,forrest,0.04244429548153063,PHATE,-5382.910054043567,19739.820108087133
11,20,high_Visual,forrest,0.04249206482381045,PHATE,-5369.237726569351,21102.4754531387
12,20,high_Visual,forrest,0.0385064957224815,PHATE,-5401.886782922938,20321.77356584588
13,20,high_Visual,forrest,0.058536686355099586,PHATE,-5318.769185309221,21001.538370618444
0,16,aud_early,sherlock,0.4631582336620918,PHATE_TIME,1073.4586423260478,-1428.9172846520955
1,16,aud_early,sherlock,0.29917938368015745,PHATE_TIME,575.7135139785859,-433.42702795717173
2,16,aud_early,sherlock,0.1688074562661176,PHATE_TIME,1030.0061638992402,-1342.0123277984806
3,16,aud_early,sherlock,0.1382496939070842,PHATE_TIME,-414.7043700775498,1547.4087401550994
4,16,aud_early,sherlock,0.4657356406520707,PHATE_TIME,64.69893378909143,588.6021324218171
5,16,aud_early,sherlock,0.3341989096650288,PHATE_TIME,368.9927538063722,-19.985507612744527
6,16,aud_early,sherlock,0.3860084261606961,PHATE_TIME,142.66934313701185,432.66131372597636
7,16,aud_early,sherlock,0.2539803011365096,PHATE_TIME,-1788.6290051194821,4221.258010238964
8,16,aud_early,sherlock,0.27424900280646297,PHATE_TIME,245.15930468900575,305.6813906219885
9,16,aud_early,sherlock,0.32375032797258224,PHATE_TIME,1003.413708109756,-1128.827416219512
10,16,aud_early,sherlock,0.270322230499104,PHATE_TIME,1028.740434106142,-1261.480868212284
11,16,aud_early,sherlock,0.2503670427130984,PHATE_TIME,616.2416850823732,-588.4833701647465
12,16,aud_early,sherlock,0.4531761733221574,PHATE_TIME,456.4928778146185,-268.98575562923696
13,16,aud_early,sherlock,0.3305659956959834,PHATE_TIME,593.580411038316,-469.16082207663203
14,16,aud_early,sherlock,0.8782845459252347,PHATE_TIME,481.2475710505663,-244.4951421011326
15,16,aud_early,sherlock,0.3422000800099222,PHATE_TIME,-297.16051591646794,1238.321031832936
0,20,early_visual,forrest,0.13025909736385788,TPHATE,-5144.314431323497,31502.628862646998
1,20,early_visual,forrest,0.10878573034133543,TPHATE,-4106.070942259286,28610.141884518573
2,20,early_visual,forrest,0.06410503939440677,TPHATE,-3159.1599082669427,25522.319816533884
3,20,early_visual,forrest,0.007849352217621355,TPHATE,-2394.164558592229,28984.329117184458
4,20,early_visual,forrest,0.1604045405114766,TPHATE,-5012.842154141423,32493.68430828284
5,20,early_visual,forrest,0.14491015798963508,TPHATE,-5087.668685188082,28603.33737037616
6,20,early_visual,forrest,0.051700546155492265,TPHATE,-3731.090102344589,30356.18020468917
7,20,early_visual,forrest,0.11536168218167572,TPHATE,-4680.069361958634,29758.13872391727
8,20,early_visual,forrest,0.03234787601181256,TPHATE,-2401.0526780947675,25200.10535618953
9,20,early_visual,forrest,0.15480301450810782,TPHATE,-5050.86569354719,30905.73138709438
10,20,early_visual,forrest,0.14686160444889496,TPHATE,-5012.497823735047,30828.9956474701
11,20,early_visual,forrest,0.08041852138879217,TPHATE,-2844.2320887020674,26492.46417740413
12,20,early_visual,forrest,0.14861029469656814,TPHATE,-5106.822527817373,30611.645055634744
13,20,early_visual,forrest,0.14262145041407145,TPHATE,-5081.257380790889,31790.514761581777
0,16,pmc_nn,sherlock,0.3889929709060588,TPHATE,-2269.486475177431,5886.972950354862
1,16,pmc_nn,sherlock,0.21258641543483495,TPHATE,-2519.181647560841,6092.363295121682
2,16,pmc_nn,sherlock,0.18092671024328535,TPHATE,-2644.557413923305,6253.114827846612
3,16,pmc_nn,sherlock,0.4580212324369078,TPHATE,-2073.168243011874,5392.336486023748
4,16,pmc_nn,sherlock,0.3361816848592898,TPHATE,-2305.507316685347,5759.014633370693
5,16,pmc_nn,sherlock,0.3325845943364431,TPHATE,-2427.437100516885,6308.874201033771
6,16,pmc_nn,sherlock,0.5516648232687816,TPHATE,-1966.408029639628,5080.816059279256
7,16,pmc_nn,sherlock,0.3672777387414856,TPHATE,-2271.996304091892,5891.992608183784
8,16,pmc_nn,sherlock,0.2704449545507433,TPHATE,-2526.983930928213,6201.967861856426
9,16,pmc_nn,sherlock,0.3414806527049626,TPHATE,-2500.4357681814067,6454.871536362813
10,16,pmc_nn,sherlock,0.2777137042881821,TPHATE,-2616.710470427973,6381.420940855946
11,16,pmc_nn,sherlock,0.1721624218625749,TPHATE,-2713.045808578001,6672.091617156001
12,16,pmc_nn,sherlock,0.17808829529264875,TPHATE,-2716.568586685423,6679.137173370846
13,16,pmc_nn,sherlock,0.3483620867958113,TPHATE,-2365.8339165238394,5977.66783304768
14,16,pmc_nn,sherlock,0.266690233383906,TPHATE,-2095.169776606883,5338.339553213766
15,16,pmc_nn,sherlock,0.4473507289323169,TPHATE,-2417.7272999696233,5983.454599939247
0,20,early_visual,forrest,0.07520796829240063,ISOMAP,-5361.093571086636,31936.187142173272
1,20,early_visual,forrest,0.07337226236363832,ISOMAP,-5323.369028668816,31044.738057337632
2,20,early_visual,forrest,0.056190686029342816,ISOMAP,-5411.329225298494,30026.658450596988
3,20,early_visual,forrest,0.03870250814577239,ISOMAP,-5438.753233510427,35073.50646702085
4,20,early_visual,forrest,0.07838479988304273,ISOMAP,-5326.45299005406,33120.90598010812
5,20,early_visual,forrest,0.042455025232747,ISOMAP,-5401.2192467002415,29230.438493400485
6,20,early_visual,forrest,0.04453033813110608,ISOMAP,-5445.165004116354,33784.330008232704
7,20,early_visual,forrest,0.048820193356227434,ISOMAP,-5422.191490614526,31242.38298122905
8,20,early_visual,forrest,0.05089606565115019,ISOMAP,-5398.034739720311,31194.069479440626
9,20,early_visual,forrest,0.0686296793758606,ISOMAP,-5363.841931044555,31531.68386208911
10,20,early_visual,forrest,0.04574787662141813,ISOMAP,-5397.619460520329,31599.238921040655
11,20,early_visual,forrest,0.049022834204187925,ISOMAP,-5434.097542536155,31672.195085072308
12,20,early_visual,forrest,0.06248969438246872,ISOMAP,-5393.691513018811,31185.383026037616
13,20,early_visual,forrest,0.060028151147494574,ISOMAP,-5371.485749793567,32370.971499587133
0,16,aud_early,sherlock,0.1975940094108624,TSNE,-2633.90658764922,5985.81317529844
1,16,aud_early,sherlock,0.09056882403322578,TSNE,-2809.336539805947,6336.673079611894
2,16,aud_early,sherlock,0.10711863043802464,TSNE,-2789.568298189868,6297.136596379735
3,16,aud_early,sherlock,0.10194602000481158,TSNE,-2786.0735375423683,6290.147075084737
4,16,aud_early,sherlock,0.11387939627250092,TSNE,-2798.3943736375973,6314.7887472751945
5,16,aud_early,sherlock,0.07542695027138184,TSNE,-2891.2007947458806,6500.401589491763
6,16,aud_early,sherlock,0.2569147977300355,TSNE,-2614.1019213413524,5946.203842682705
7,16,aud_early,sherlock,0.09658008941257376,TSNE,-2836.6304002917077,6317.260800583415
8,16,aud_early,sherlock,0.07256071105400426,TSNE,-2835.7402520342353,6467.4805040684705
9,16,aud_early,sherlock,0.10988897272319728,TSNE,-2803.166400988522,6484.332801977044
10,16,aud_early,sherlock,0.09296572954474963,TSNE,-2868.2204638677995,6532.440927735599
11,16,aud_early,sherlock,0.06548132822525145,TSNE,-2879.7225427197827,6403.445085439565
12,16,aud_early,sherlock,0.08058465243815252,TSNE,-2902.86705721883,6449.73411443766
13,16,aud_early,sherlock,0.12586295138711115,TSNE,-2667.05478591268,6052.109571825359
14,16,aud_early,sherlock,0.121739103913109,TSNE,-2768.0415880457094,6254.083176091419
15,16,aud_early,sherlock,0.11750744439592906,TSNE,-2808.4422627853096,6260.884525570619
0,20,high_Visual,forrest,0.09354812296006684,PHATE_TIME,4483.086880874664,829.8262382506728
1,20,high_Visual,forrest,0.13764694809732275,PHATE_TIME,5429.130708427574,-1614.261416855148
2,20,high_Visual,forrest,0.06972105498649571,PHATE_TIME,5268.871660685273,708.2566786294537
3,20,high_Visual,forrest,0.34952368793047056,PHATE_TIME,3204.690564984945,4836.618870030111
4,20,high_Visual,forrest,0.0858825169399683,PHATE_TIME,4422.708580215219,398.5828395695625
5,20,high_Visual,forrest,0.0785233641760479,PHATE_TIME,5139.831071363629,-201.66214272725844
6,20,high_Visual,forrest,0.12616726977433998,PHATE_TIME,4828.394946694504,-138.78989338900828
7,20,high_Visual,forrest,0.07866606520423837,PHATE_TIME,3619.8850091581317,3124.229981683737
8,20,high_Visual,forrest,0.10002399610479704,PHATE_TIME,4221.7201360092795,2210.559727981443
9,20,high_Visual,forrest,0.07538744590126878,PHATE_TIME,5166.8896722475565,-537.7793444951149
10,20,high_Visual,forrest,0.19654461166349035,PHATE_TIME,4554.6933737676845,-135.38674753536907
11,20,high_Visual,forrest,0.07933093155029478,PHATE_TIME,5028.84182594311,306.3163481137799
12,20,high_Visual,forrest,0.25351156706832106,PHATE_TIME,3025.2326985956547,3467.5346028086897
13,20,high_Visual,forrest,0.12023865333312,PHATE_TIME,4549.7154951361845,1264.5690097276326
0,16,pmc_nn,sherlock,0.5373933600646971,PHATE_TIME,355.8532258103352,636.2935483793298
1,16,pmc_nn,sherlock,0.24961437024267266,PHATE_TIME,1040.043279330432,-1026.0865586608645
2,16,pmc_nn,sherlock,0.4525777725444181,PHATE_TIME,876.7143739839723,-789.4287479679443
3,16,pmc_nn,sherlock,0.3015865103025641,PHATE_TIME,949.3891539209926,-652.7783078419852
4,16,pmc_nn,sherlock,0.4786766606517246,PHATE_TIME,553.5463308406547,40.90733831869056
5,16,pmc_nn,sherlock,0.21270904468603008,PHATE_TIME,1083.1099045655724,-712.2198091311448
6,16,pmc_nn,sherlock,0.7816237084361611,PHATE_TIME,-313.030881596972,1774.061763193944
7,16,pmc_nn,sherlock,0.2884190161946962,PHATE_TIME,1538.5035502567448,-1729.0071005134894
8,16,pmc_nn,sherlock,0.34864956533564234,PHATE_TIME,1624.0090947658898,-2100.01818953178
9,16,pmc_nn,sherlock,0.5139976589443664,PHATE_TIME,1097.679560655836,-741.3591213116721
10,16,pmc_nn,sherlock,0.4434633197203024,PHATE_TIME,704.4667475919728,-260.9334951839455
11,16,pmc_nn,sherlock,0.2637889626157948,PHATE_TIME,917.2161397547127,-588.4322795094251
12,16,pmc_nn,sherlock,0.18463775524221407,PHATE_TIME,1123.1437743300473,-1000.2875486600948
13,16,pmc_nn,sherlock,0.2686217017951834,PHATE_TIME,955.6388632809268,-665.2777265618537
14,16,pmc_nn,sherlock,0.29528091310979865,PHATE_TIME,-931.7119072250977,3011.4238144501946
15,16,pmc_nn,sherlock,0.5355213072667394,PHATE_TIME,622.3378876348069,-96.67577526961372
0,16,aud_early,sherlock,0.15721745676794324,PHATE,-2664.060218874396,6046.120437748791
1,16,aud_early,sherlock,0.1069699868481757,PHATE,-2753.6341902433037,6225.268380486607
2,16,aud_early,sherlock,0.03890775020368648,PHATE,-2823.6550342970268,6365.3100685940535
3,16,aud_early,sherlock,0.129920106061643,PHATE,-2778.941523358681,6275.883046717361
4,16,aud_early,sherlock,0.07138002594270673,PHATE,-2699.1795779040344,6116.359155808069
5,16,aud_early,sherlock,0.12347345095085703,PHATE,-2801.401297576285,6320.802595152571
6,16,aud_early,sherlock,0.3119109156195685,PHATE,-2524.047734581104,5766.095469162208
7,16,aud_early,sherlock,0.15066802984301186,PHATE,-2769.7179178677798,6183.4358357355595
8,16,aud_early,sherlock,0.056048835575669066,PHATE,-2794.981477706972,6385.962955413944
9,16,aud_early,sherlock,0.14889405236521425,PHATE,-2773.1380564066358,6424.2761128132715
10,16,aud_early,sherlock,0.1190179438763712,PHATE,-2783.2199690956663,6362.439938191333
11,16,aud_early,sherlock,0.03221979998379418,PHATE,-2885.55599258786,6415.111985175719
12,16,aud_early,sherlock,0.08010847734746278,PHATE,-2809.921304660761,6263.842609321521
13,16,aud_early,sherlock,0.08257880911685682,PHATE,-2779.769439902368,6277.538879804736
14,16,aud_early,sherlock,0.11632713072174786,PHATE,-2714.0178961689685,6146.035792337937
15,16,aud_early,sherlock,0.08390579433898833,PHATE,-2806.845874837347,6257.691749674694
0,20,high_Visual,forrest,0.0018380100027620481,LLE,-6320.8716328623905,22437.743265724774
1,20,high_Visual,forrest,0.0026180090397072545,LLE,-4944.798371935472,19133.59674387094
2,20,high_Visual,forrest,0.009662220466044485,LLE,-4861.213039472014,20968.42607894403
3,20,high_Visual,forrest,0.3682033467957861,LLE,-3995.7673021497967,19237.5346042996
4,20,high_Visual,forrest,0.053760379292527166,LLE,-5397.466084468869,20038.932168937743
5,20,high_Visual,forrest,0.04793431427946445,LLE,-5350.61797879343,20779.23595758686
6,20,high_Visual,forrest,0.06046524310636034,LLE,-4927.474447231698,19372.9488944634
7,20,high_Visual,forrest,0.017958667833380862,LLE,-5307.016930945512,20978.033861891025
8,20,high_Visual,forrest,0.01823489934164916,LLE,-4767.387738458351,20188.7754769167
9,20,high_Visual,forrest,0.04646619097802079,LLE,-5363.878110891254,20523.756221782507
10,20,high_Visual,forrest,0.012050279543595405,LLE,-6293.331245121877,21560.662490243754
11,20,high_Visual,forrest,0.009553900075728372,LLE,-3981.497184204068,18326.994368408137
12,20,high_Visual,forrest,0.023113375237601368,LLE,-5366.939029978649,20251.8780599573
13,20,high_Visual,forrest,0.0530656983852972,LLE,-5387.1766129651705,21138.353225930343
0,16,aud_early,sherlock,0.1082195326090385,LLE,-2915.1409612079024,6548.281922415805
1,16,aud_early,sherlock,0.0383880142592198,LLE,-2843.5418392134125,6405.083678426825
2,16,aud_early,sherlock,0.06305128874104307,LLE,-2907.6464573053186,6533.292914610637
3,16,aud_early,sherlock,0.0534781931673621,LLE,-2727.784815848072,6173.569631696144
4,16,aud_early,sherlock,0.03501899850966945,LLE,-2762.8737518445264,6243.747503689053
5,16,aud_early,sherlock,0.13825362122147095,LLE,-2782.7571142846973,6283.514228569395
6,16,aud_early,sherlock,0.09958450381113458,LLE,-1577.6325592302176,3873.265118460435
7,16,aud_early,sherlock,0.06951513645368136,LLE,-2779.4852519158776,6202.970503831755
8,16,aud_early,sherlock,0.11205712550533076,LLE,-2814.5199024051753,6425.039804810351
9,16,aud_early,sherlock,0.06999271503510447,LLE,-2730.830677960274,6339.661355920548
10,16,aud_early,sherlock,0.04009872335793303,LLE,-2845.475653742763,6486.951307485526
11,16,aud_early,sherlock,0.05482658531504373,LLE,-2845.672084020409,6335.344168040819
12,16,aud_early,sherlock,0.05863180708933375,LLE,-3326.795839332865,7297.591678665731
13,16,aud_early,sherlock,0.09290471661092288,LLE,-2819.765077456788,6357.530154913576
14,16,aud_early,sherlock,0.0071631146180725766,LLE,-2776.8973843570643,6271.794768714129
15,16,aud_early,sherlock,0.07037675221035578,LLE,-2634.339154308507,5912.678308617014
0,16,early_visual,sherlock,0.16205457592328584,UMAP,-2666.370982892159,9936.741965784317
1,16,early_visual,sherlock,0.1570956522442274,UMAP,-2507.128587871185,9242.25717574237
2,16,early_visual,sherlock,0.16451227956826114,UMAP,-2749.7700783182354,10103.540156636469
3,16,early_visual,sherlock,0.16916377790712608,UMAP,-2771.8525633743598,9771.705126748719
4,16,early_visual,sherlock,0.14910153402716045,UMAP,-2386.6608795484144,8819.321759096829
5,16,early_visual,sherlock,0.17861925231203227,UMAP,-2717.6969515918317,10431.393903183665
6,16,early_visual,sherlock,0.19994247571190235,UMAP,-2562.948118625933,9539.896237251864
7,16,early_visual,sherlock,0.20186236457199674,UMAP,-2666.916200151193,9937.832400302386
8,16,early_visual,sherlock,0.20039693815976076,UMAP,-2723.235396048109,10244.470792096216
9,16,early_visual,sherlock,0.12630766949976918,UMAP,-2461.437668701133,9150.875337402267
10,16,early_visual,sherlock,0.12886413081007175,UMAP,-2589.9131363651777,9783.826272730357
11,16,early_visual,sherlock,0.11587923672380655,UMAP,-2692.551071492423,9799.102142984846
12,16,early_visual,sherlock,0.14908639243488309,UMAP,-2669.122548010487,9206.245096020977
13,16,early_visual,sherlock,0.05466604123874859,UMAP,-2398.2578251707378,9994.515650341476
14,16,early_visual,sherlock,0.17633305710628114,UMAP,-2529.9719869780965,9287.943973956191
15,16,early_visual,sherlock,0.12871956023733522,UMAP,-2789.545661231756,9447.091322463511
0,20,high_Visual,forrest,0.008472329095933956,UMAP,-4812.650216671754,19421.30043334351
1,20,high_Visual,forrest,0.022411768720037327,UMAP,-5279.416242027634,19802.832484055267
2,20,high_Visual,forrest,0.01844142030214783,UMAP,-4477.819130439057,20201.638260878117
3,20,high_Visual,forrest,0.052028622388882735,UMAP,-4902.789095642617,21051.578191285236
4,20,high_Visual,forrest,0.05931355136151933,UMAP,-5058.611301555457,19361.22260311092
5,20,high_Visual,forrest,0.04982042759842545,UMAP,-5303.996285192342,20685.99257038468
6,20,high_Visual,forrest,0.06185949515547569,UMAP,-5068.39537607341,19654.790752146822
7,20,high_Visual,forrest,0.07101195965957212,UMAP,-5245.06494979429,20854.12989958858
8,20,high_Visual,forrest,0.034740266937986146,UMAP,-5215.314674327738,21084.629348655482
9,20,high_Visual,forrest,0.05416559438165683,UMAP,-5269.45726010306,20334.91452020612
10,20,high_Visual,forrest,0.021845004916850437,UMAP,-4824.187430997934,18622.374861995868
11,20,high_Visual,forrest,0.043306923946235774,UMAP,-5201.966308532285,20767.932617064573
12,20,high_Visual,forrest,0.0316868553185571,UMAP,-5216.786231989662,19951.57246397933
13,20,high_Visual,forrest,0.049103464158751546,UMAP,-5248.615719874541,20861.231439749085
0,20,aud_early,forrest,0.02556545093746874,UMAP,-5092.685347737968,20263.370695475936
1,20,aud_early,forrest,0.057620314879012535,UMAP,-5144.4089969903025,20652.817993980607
2,20,aud_early,forrest,0.04046146662343636,UMAP,-5088.735605942912,22031.471211885826
3,20,aud_early,forrest,0.01801283311139763,UMAP,-5006.2232045385435,21560.446409077085
4,20,aud_early,forrest,0.01352960704521718,UMAP,-3973.504812977907,18895.00962595581
5,20,aud_early,forrest,0.05403889452864271,UMAP,-4844.863762019293,20343.727524038582
6,20,aud_early,forrest,0.05723589319708348,UMAP,-5323.0346566937515,22500.069313387507
7,20,aud_early,forrest,0.05884682791258801,UMAP,-5107.4236687671255,22068.847337534247
8,20,aud_early,forrest,0.043310915649864126,UMAP,-4872.652983476452,19823.305966952903
9,20,aud_early,forrest,0.012066414224152187,UMAP,-5137.728489308492,20929.45697861698
10,20,aud_early,forrest,0.0445295246926649,UMAP,-5356.955184518643,21661.910369037287
11,20,aud_early,forrest,0.07824718161604018,UMAP,-5066.587849527687,22297.17569905537
12,20,aud_early,forrest,0.024269111133135214,UMAP,-5094.73218032728,21435.46436065456
13,20,aud_early,forrest,0.04224458961585709,UMAP,-4677.643572052021,20303.28714410404
0,20,pmc_nn,forrest,0.01857979332287121,PHATE,-5487.822896952118,36059.64579390424
1,20,pmc_nn,forrest,0.023397841725098782,PHATE,-5479.184896863589,37404.36979372718
2,20,pmc_nn,forrest,0.01237266542837605,PHATE,-5542.787986745539,33979.575973491075
3,20,pmc_nn,forrest,0.016151668834763336,PHATE,-5531.311987306933,36146.62397461386
4,20,pmc_nn,forrest,0.02971488039687437,PHATE,-5457.7781556556,37361.5563113112
5,20,pmc_nn,forrest,0.0280371527788224,PHATE,-5403.695654606737,35003.391309213475
6,20,pmc_nn,forrest,0.029675534896856638,PHATE,-5463.822790117371,33821.645580234734
7,20,pmc_nn,forrest,0.03919386185605417,PHATE,-5406.440603869294,34570.88120773859
8,20,pmc_nn,forrest,0.03551385921714008,PHATE,-5434.313172230864,35064.626344461736
9,20,pmc_nn,forrest,0.03201714976536508,PHATE,-5496.351492070882,36526.70298414177
10,20,pmc_nn,forrest,0.04212564263982545,PHATE,-5426.211057813859,35490.42211562772
11,20,pmc_nn,forrest,0.011226024982536857,PHATE,-5481.022623631289,37408.045247262584
12,20,pmc_nn,forrest,0.02436718690339186,PHATE,-5483.329355666504,37412.65871133301
13,20,pmc_nn,forrest,0.03421713999767173,PHATE,-5432.755128488001,32079.510256976002
0,20,high_Visual,forrest,0.03835685197616636,TSNE,-5466.722738886637,20729.445477773275
1,20,high_Visual,forrest,0.042850695864222584,TSNE,-5417.466848136536,20078.933696273078
2,20,high_Visual,forrest,0.031153712766773818,TSNE,-5365.369663927116,21976.73932785423
3,20,high_Visual,forrest,0.011856627759259894,TSNE,-4084.5773485022814,19415.154697004564
4,20,high_Visual,forrest,0.04841699121172315,TSNE,-5387.5173680955095,20019.034736191017
5,20,high_Visual,forrest,0.0433257805724573,TSNE,-5407.5531788822655,20893.106357764533
6,20,high_Visual,forrest,0.02273863352506773,TSNE,-5286.663114168763,20091.326228337526
7,20,high_Visual,forrest,0.04348568703122597,TSNE,-5386.1964794697,21136.3929589394
8,20,high_Visual,forrest,0.011572586870121658,TSNE,-5190.753848378422,21035.50769675685
9,20,high_Visual,forrest,0.0502368835738408,TSNE,-5392.556489287427,20581.112978574856
10,20,high_Visual,forrest,0.04106986192627369,TSNE,-5440.408463948631,19854.816927897264
11,20,high_Visual,forrest,0.021948134849998288,TSNE,-5090.462997199245,20544.925994398487
12,20,high_Visual,forrest,0.032071042574181266,TSNE,-5450.059709264091,20418.119418528182
13,20,high_Visual,forrest,0.05323867584008556,TSNE,-5367.597637560152,21099.195275120306
0,20,high_Visual,forrest,0.08529830615269712,TPHATE,-4667.063568591776,19130.127137183557
1,20,high_Visual,forrest,0.09330197789373487,TPHATE,-5118.081954994746,19480.16390998949
2,20,high_Visual,forrest,0.041056287794107284,TPHATE,-5059.712229111285,21365.42445822257
3,20,high_Visual,forrest,0.10244853149499122,TPHATE,-5033.768131577862,21313.536263155722
4,20,high_Visual,forrest,0.11361955486488205,TPHATE,-5098.005186047848,19440.010372095694
5,20,high_Visual,forrest,0.11562373832197935,TPHATE,-5129.260884981311,20336.521769962623
6,20,high_Visual,forrest,0.10791405476621023,TPHATE,-5004.340157070728,19526.680314141457
7,20,high_Visual,forrest,0.15525298502172846,TPHATE,-4976.774848246835,20317.54969649367
8,20,high_Visual,forrest,0.1124006484285212,TPHATE,-4978.111983184323,20610.22396636865
9,20,high_Visual,forrest,0.11266018976799633,TPHATE,-4795.582952562658,19387.165905125315
10,20,high_Visual,forrest,0.09532283696260922,TPHATE,-5198.1583472345665,19370.31669446913
11,20,high_Visual,forrest,0.1727607313185554,TPHATE,-4938.495253198419,20240.99050639684
12,20,high_Visual,forrest,0.08852560374265883,TPHATE,-4952.699312005606,19423.39862401121
13,20,high_Visual,forrest,0.10496893288819356,TPHATE,-4956.58098225003,20277.161964500057
0,16,high_Visual,sherlock,0.31944452202360524,TPHATE,-2512.779042132312,5821.558084264623
1,16,high_Visual,sherlock,0.14462381281383466,TPHATE,-2762.138605088448,6488.277210176896
2,16,high_Visual,sherlock,0.13472903147039694,TPHATE,-2671.570271398838,6307.140542797676
3,16,high_Visual,sherlock,0.2430297339511783,TPHATE,-1645.5289840471335,4345.057968094267
4,16,high_Visual,sherlock,0.08203932988366333,TPHATE,-1885.1715592053906,4734.343118410781
5,16,high_Visual,sherlock,0.0993214924866876,TPHATE,-2646.5992439907677,6089.1984879815345
6,16,high_Visual,sherlock,0.398245435500416,TPHATE,-2315.179773690964,5684.359547381928
7,16,high_Visual,sherlock,0.19710472721927547,TPHATE,-2650.948468574917,6179.896937149832
8,16,high_Visual,sherlock,0.1930668152520892,TPHATE,-2718.9265589807783,6401.853117961557
9,16,high_Visual,sherlock,0.24648091901176494,TPHATE,-2506.110760418859,6066.221520837717
10,16,high_Visual,sherlock,0.11130589891611924,TPHATE,-2310.146920307597,5674.293840615194
11,16,high_Visual,sherlock,0.20302850814825327,TPHATE,-2546.5503338408835,6057.100667681768
12,16,high_Visual,sherlock,0.2637428034146752,TPHATE,-2635.9064166746525,6067.812833349305
13,16,high_Visual,sherlock,0.2306748474202975,TPHATE,-2080.9171405706697,5215.8342811413395
14,16,high_Visual,sherlock,0.20735695368811746,TPHATE,-2102.2867200462565,5168.573440092513
15,16,high_Visual,sherlock,0.10352318452575596,TPHATE,-2141.002515537335,5160.00503107467
0,16,high_Visual,sherlock,0.2914577356219413,PHATE_TIME,1063.390434492758,-1330.780868985516
1,16,high_Visual,sherlock,0.5919181664630659,PHATE_TIME,-52.54115349222682,1069.0823069844537
2,16,high_Visual,sherlock,0.503530426888825,PHATE_TIME,525.1894239426816,-86.37884788536348
3,16,high_Visual,sherlock,0.2364215880553162,PHATE_TIME,1129.7767322852776,-1205.5534645705548
4,16,high_Visual,sherlock,0.2560819830175202,PHATE_TIME,1148.6147085357875,-1333.2294170715754
5,16,high_Visual,sherlock,0.2089136849452065,PHATE_TIME,1127.3099033463695,-1458.6198066927388
6,16,high_Visual,sherlock,0.6162542641020867,PHATE_TIME,1147.265146350822,-1240.5302927016435
7,16,high_Visual,sherlock,0.3313028558372783,PHATE_TIME,818.4064891628022,-758.8129783256046
8,16,high_Visual,sherlock,0.4018125349118605,PHATE_TIME,1453.150868385626,-1942.301736771252
9,16,high_Visual,sherlock,0.16232324755439195,PHATE_TIME,760.7116422159247,-467.42328443184937
10,16,high_Visual,sherlock,0.7586202068106952,PHATE_TIME,-1034.6358349925392,3123.271669985079
11,16,high_Visual,sherlock,0.37181642427278266,PHATE_TIME,772.2954601810977,-580.5909203621958
12,16,high_Visual,sherlock,0.2891960813355202,PHATE_TIME,907.0660402301975,-1018.1320804603947
13,16,high_Visual,sherlock,0.1905616066152362,PHATE_TIME,-1064.929868586611,3183.8597371732226
14,16,high_Visual,sherlock,0.31418321132736937,PHATE_TIME,980.701793762802,-997.4035875256038
15,16,high_Visual,sherlock,0.3673212235665924,PHATE_TIME,1239.8360254674733,-1601.6720509349466
0,20,early_visual,forrest,0.0841703238619274,UMAP,-5247.621324922378,31709.24264984476
1,20,early_visual,forrest,0.09396123256696627,UMAP,-5064.549536646102,30527.099073292204
2,20,early_visual,forrest,0.035254267536435784,UMAP,-5127.195804716011,29458.391609432027
3,20,early_visual,forrest,0.06672433761336083,UMAP,-5236.216150163617,34668.43230032724
4,20,early_visual,forrest,0.0862676290187067,UMAP,-5043.967111826443,32555.934223652886
5,20,early_visual,forrest,0.06580455345543824,UMAP,-5209.1579316041825,28846.315863208365
6,20,early_visual,forrest,0.05716397273667845,UMAP,-5039.540803915906,32973.08160783181
7,20,early_visual,forrest,0.06932898794932725,UMAP,-5173.3436210328355,30744.68724206567
8,20,early_visual,forrest,0.06309093883460433,UMAP,-5299.545274337981,30997.090548675962
9,20,early_visual,forrest,0.08815761738918698,UMAP,-5238.752142271591,31281.504284543185
10,20,early_visual,forrest,0.038536198265477495,UMAP,-5106.043075435181,31016.08615087036
11,20,early_visual,forrest,0.0641955399933346,UMAP,-5334.572339253486,31473.144678506967
12,20,early_visual,forrest,0.046975380136200125,UMAP,-5168.228401148615,30734.45680229723
13,20,early_visual,forrest,0.061230515577708186,UMAP,-5230.555212661737,32089.110425323477
0,16,pmc_nn,sherlock,0.15120124689468226,TSNE,-2790.4608289982,6928.9216579964
1,16,pmc_nn,sherlock,0.09200536795896999,TSNE,-2845.3161680282756,6744.632336056551
2,16,pmc_nn,sherlock,0.09853338460660667,TSNE,-2852.729978470087,6669.459956940174
3,16,pmc_nn,sherlock,0.08497761877951562,TSNE,-2888.6522640412236,7023.304528082447
4,16,pmc_nn,sherlock,0.09589537761504424,TSNE,-2855.336220572873,6858.672441145746
5,16,pmc_nn,sherlock,0.1210288379828528,TSNE,-2823.5501117374683,7101.100223474937
6,16,pmc_nn,sherlock,0.10237688220834534,TSNE,-2794.9973554754283,6737.994710950857
7,16,pmc_nn,sherlock,0.09801856814985636,TSNE,-2865.040699434249,7078.081398868498
8,16,pmc_nn,sherlock,0.1308228067923222,TSNE,-2813.0032712502184,6774.006542500437
9,16,pmc_nn,sherlock,0.07661445219165364,TSNE,-2911.664160091355,7277.32832018271
10,16,pmc_nn,sherlock,0.044317541400023294,TSNE,-2944.6934623291377,7037.386924658275
11,16,pmc_nn,sherlock,0.08328997668458413,TSNE,-2872.9371863696147,6991.874372739228
12,16,pmc_nn,sherlock,0.07849668278523017,TSNE,-2906.2050254816736,7058.410050963347
13,16,pmc_nn,sherlock,0.12216563975657545,TSNE,-2841.758314667333,6929.516629334666
14,16,pmc_nn,sherlock,0.09723903276919818,TSNE,-2813.6778566944126,6775.355713388824
15,16,pmc_nn,sherlock,0.08509182074870257,TSNE,-2893.1479614785917,6934.2959229571825
0,16,high_Visual,sherlock,0.6453308535448173,SMOOTH_PHATE,-428.1492092131546,1652.2984184263091
1,16,high_Visual,sherlock,0.717380655926158,SMOOTH_PHATE,-1069.6308788481474,3103.2617576962953
2,16,high_Visual,sherlock,0.5282698303385279,SMOOTH_PHATE,-2216.920847377337,5397.841694754674
3,16,high_Visual,sherlock,0.5770797978015443,SMOOTH_PHATE,-744.8471808714697,2543.69436174294
4,16,high_Visual,sherlock,0.2858916074419845,SMOOTH_PHATE,-2299.846430935683,5563.692861871366
5,16,high_Visual,sherlock,0.4241059399008712,SMOOTH_PHATE,-2308.6998975887304,5413.399795177461
6,16,high_Visual,sherlock,0.4325567185967361,SMOOTH_PHATE,-994.9784742161014,3043.956948432203
7,16,high_Visual,sherlock,0.5196972262433237,SMOOTH_PHATE,-1758.9766609368505,4395.9533218737015
8,16,high_Visual,sherlock,0.4578615288960581,SMOOTH_PHATE,-2241.8881421268734,5447.776284253747
9,16,high_Visual,sherlock,0.5448368496092644,SMOOTH_PHATE,-1798.0069884803665,4650.013976960733
10,16,high_Visual,sherlock,0.29288542874752505,SMOOTH_PHATE,-2328.482764338074,5710.965528676147
11,16,high_Visual,sherlock,0.20420431201237305,SMOOTH_PHATE,-2568.671271654536,6101.342543309072
12,16,high_Visual,sherlock,0.4544123355029001,SMOOTH_PHATE,-2330.1614623300393,5456.322924660079
13,16,high_Visual,sherlock,0.4891647754413202,SMOOTH_PHATE,-114.39561203594357,1282.7912240718872
14,16,high_Visual,sherlock,0.3991234712060124,SMOOTH_PHATE,-1908.748442833426,4781.496885666852
15,16,high_Visual,sherlock,0.4161534761623849,SMOOTH_PHATE,-2130.0523361061623,5138.104672212325
0,16,early_visual,sherlock,0.6078269574350268,TPHATE,-1842.5992856709624,8289.198571341924
1,16,early_visual,sherlock,0.5486158351429277,TPHATE,-2175.3324838277563,8578.664967655513
2,16,early_visual,sherlock,0.3950644350971494,TPHATE,-2358.337250605911,9320.674501211824
3,16,early_visual,sherlock,0.4202218913298232,TPHATE,-2298.2345368707033,8824.469073741406
4,16,early_visual,sherlock,0.4085590892973392,TPHATE,-2224.255738061708,8494.511476123416
5,16,early_visual,sherlock,0.4964496624124382,TPHATE,-2169.124448394697,9334.248896789395
6,16,early_visual,sherlock,0.41866144706970215,TPHATE,-2091.6399129956008,8597.279825991202
7,16,early_visual,sherlock,0.6170456383619528,TPHATE,-1925.6839298114317,8455.367859622864
8,16,early_visual,sherlock,0.4917966500603865,TPHATE,-2308.25172845282,9414.50345690564
9,16,early_visual,sherlock,0.4746706849566536,TPHATE,-2280.4877755030648,8788.97555100613
10,16,early_visual,sherlock,0.5721817127583534,TPHATE,-2154.821393813781,8913.642787627563
11,16,early_visual,sherlock,0.44442234657941343,TPHATE,-1816.1709467333685,8046.341893466737
12,16,early_visual,sherlock,0.4596460296334186,TPHATE,-2386.4518060447713,8640.903612089543
13,16,early_visual,sherlock,0.7565321173895208,TPHATE,-1663.9935973535198,8525.98719470704
14,16,early_visual,sherlock,0.4963285492028606,TPHATE,-1903.2512826115703,8034.5025652231425
15,16,early_visual,sherlock,0.6191241936523452,TPHATE,-1834.0745045826102,7536.149009165219
0,16,high_Visual,sherlock,0.05735271533652221,PCA,-2917.4903392902656,6630.980678580531
1,16,high_Visual,sherlock,0.09964228441695594,PCA,-2870.6013987512874,6705.202797502575
2,16,high_Visual,sherlock,0.08753842455605355,PCA,-2867.0678403224492,6698.1356806448985
3,16,high_Visual,sherlock,0.1085224005703431,PCA,-2774.541059712837,6603.082119425672
4,16,high_Visual,sherlock,0.0805722788115879,PCA,-2855.614823385611,6675.229646771222
5,16,high_Visual,sherlock,0.07460323610024293,PCA,-2916.557039159313,6629.114078318626
6,16,high_Visual,sherlock,0.1781724845311386,PCA,-2674.0250805367364,6402.050161073473
7,16,high_Visual,sherlock,0.07681732948566382,PCA,-2905.0659590576197,6688.131918115239
8,16,high_Visual,sherlock,0.06321853675943752,PCA,-2907.4121425371904,6778.824285074381
9,16,high_Visual,sherlock,0.08301608913827767,PCA,-2895.786130730317,6845.572261460635
10,16,high_Visual,sherlock,0.06336245639698676,PCA,-2887.858014519876,6829.7160290397505
11,16,high_Visual,sherlock,0.05141289077290098,PCA,-2922.1186481133313,6808.237296226663
12,16,high_Visual,sherlock,0.07490760496518606,PCA,-2903.662964887821,6603.325929775643
13,16,high_Visual,sherlock,0.18848405475117952,PCA,-2703.745737919686,6461.4914758393725
14,16,high_Visual,sherlock,0.10717742947451292,PCA,-2810.7999456788434,6585.599891357687
15,16,high_Visual,sherlock,0.1014999994932866,PCA,-2896.353472951842,6670.706945903684
0,16,pmc_nn,sherlock,0.04661163482248516,UMAP,-2483.949211130473,6315.898422260947
1,16,pmc_nn,sherlock,0.09425271819916793,UMAP,-2265.700979047809,5585.4019580956165
2,16,pmc_nn,sherlock,0.005740166402804367,UMAP,-2727.2518838706746,6418.503767741349
3,16,pmc_nn,sherlock,0.061832248732603484,UMAP,-2647.4557178214545,6540.911435642909
4,16,pmc_nn,sherlock,-0.009660323873399018,UMAP,-3733.4712629829305,8614.94252596586
5,16,pmc_nn,sherlock,0.046058594065278055,UMAP,-2284.756430248641,6023.5128604972815
6,16,pmc_nn,sherlock,0.11757989556431525,UMAP,-2509.716934302683,6167.433868605366
7,16,pmc_nn,sherlock,0.06109889580619859,UMAP,-2392.4678166339754,6132.935633267951
8,16,pmc_nn,sherlock,0.01712066464387323,UMAP,-2135.065615139752,5418.131230279504
9,16,pmc_nn,sherlock,0.0202658603601248,UMAP,-2255.6522645958607,5965.3045291917215
10,16,pmc_nn,sherlock,0.11382716329622378,UMAP,-2736.2758502448473,6620.551700489694
11,16,pmc_nn,sherlock,0.07338322798136597,UMAP,-2465.0520173897853,6176.1040347795715
12,16,pmc_nn,sherlock,0.049716238353073684,UMAP,-2214.139880032972,5674.279760065943
13,16,pmc_nn,sherlock,0.00679147108471264,UMAP,-3349.514712778679,7945.029425557358
14,16,pmc_nn,sherlock,0.06472803983727489,UMAP,-2339.584474899895,5827.16894979979
15,16,pmc_nn,sherlock,0.12199563702232832,UMAP,-2599.044621420133,6346.089242840266
0,20,high_Visual,forrest,0.040025492716623166,ISOMAP,-5425.2792112899,20646.5584225798
1,20,high_Visual,forrest,0.04067689854649479,ISOMAP,-5409.600758748065,20063.20151749613
2,20,high_Visual,forrest,0.03481210941935989,ISOMAP,-5442.584140008211,22131.16828001642
3,20,high_Visual,forrest,0.011129917245487718,ISOMAP,-4276.77873110669,19799.557462213383
4,20,high_Visual,forrest,0.04324623633566503,ISOMAP,-5390.094300339051,20024.188600678102
5,20,high_Visual,forrest,0.03707050792015551,ISOMAP,-5411.429040934456,20900.858081868908
6,20,high_Visual,forrest,0.035186713664079265,ISOMAP,-5414.342236050689,20346.68447210138
7,20,high_Visual,forrest,0.04545942977428375,ISOMAP,-5387.048982505808,21138.09796501161
8,20,high_Visual,forrest,0.013969646054978493,ISOMAP,-5430.809841663254,21515.619683326502
9,20,high_Visual,forrest,0.05030364342099505,ISOMAP,-5394.244139089001,20584.488278178003
10,20,high_Visual,forrest,0.03568082086372177,ISOMAP,-5440.530190160754,19855.060380321505
11,20,high_Visual,forrest,0.01115175346534262,ISOMAP,-4869.848500527427,20103.69700105485
12,20,high_Visual,forrest,0.025474114882410977,ISOMAP,-5440.868690179054,20399.737380358107
13,20,high_Visual,forrest,0.04928402414072162,ISOMAP,-5401.062146711836,21166.124293423672
0,16,early_visual,sherlock,0.19012128728637345,LLE,-2727.3416272516297,10058.68325450326
1,16,early_visual,sherlock,0.1098174061032478,LLE,-2485.7288246418093,9199.45764928362
2,16,early_visual,sherlock,0.17921631716273093,LLE,-2750.2914908325633,10104.582981665128
3,16,early_visual,sherlock,0.20642516757400986,LLE,-2749.773232397427,9727.546464794854
4,16,early_visual,sherlock,0.1918683601820717,LLE,-2790.872069155838,9627.744138311677
5,16,early_visual,sherlock,0.17068168448688667,LLE,-2687.820470708711,10371.64094141742
6,16,early_visual,sherlock,0.19417390596223505,LLE,-2700.7846845209083,9815.569369041816
7,16,early_visual,sherlock,0.12673824860552124,LLE,-2761.571514342464,10127.143028684928
8,16,early_visual,sherlock,0.15822118046021466,LLE,-2760.918233997865,10319.83646799573
9,16,early_visual,sherlock,0.11357367171205728,LLE,-2774.5175085587794,9777.03501711756
10,16,early_visual,sherlock,0.068098095290946,LLE,-2802.608480198081,10209.216960396165
11,16,early_visual,sherlock,0.18003068213530546,LLE,-2768.751887076422,9951.503774152845
12,16,early_visual,sherlock,0.07960533367946575,LLE,-2748.921882164779,9365.843764329558
13,16,early_visual,sherlock,0.10479143537515433,LLE,-2750.698020801547,10699.396041603095
14,16,early_visual,sherlock,0.21384408618698156,LLE,-2637.207804374159,9502.415608748315
15,16,early_visual,sherlock,0.112709814053375,LLE,-2807.2523476968813,9482.504695393762
0,16,pmc_nn,sherlock,0.10737085371379727,ISOMAP,-2831.9844165701106,7011.968833140221
1,16,pmc_nn,sherlock,0.06921975190832026,ISOMAP,-2861.997987260877,6777.995974521754
2,16,pmc_nn,sherlock,0.08631237173086767,ISOMAP,-2846.593721935579,6657.187443871158
3,16,pmc_nn,sherlock,0.11780649032789772,ISOMAP,-2846.153760897585,6938.307521795171
4,16,pmc_nn,sherlock,0.08999614853102919,ISOMAP,-2884.049689381563,6916.099378763126
5,16,pmc_nn,sherlock,0.10595863126789563,ISOMAP,-2841.187144058866,7136.374288117732
6,16,pmc_nn,sherlock,0.09532775785219053,ISOMAP,-2789.881677478298,6727.763354956596
7,16,pmc_nn,sherlock,0.12645653145997718,ISOMAP,-2828.523011729061,7005.046023458121
8,16,pmc_nn,sherlock,0.10295765965762653,ISOMAP,-2830.545159683794,6809.090319367588
9,16,pmc_nn,sherlock,0.11059266710069696,ISOMAP,-2889.9118243596317,7233.823648719262
10,16,pmc_nn,sherlock,0.09510409768775524,ISOMAP,-2865.9732294555147,6879.946458911029
11,16,pmc_nn,sherlock,0.10018039141229992,ISOMAP,-2859.6179028177116,6965.235805635423
12,16,pmc_nn,sherlock,0.07893471400120619,ISOMAP,-2887.3402067928528,7020.6804135857055
13,16,pmc_nn,sherlock,0.11410662691982035,ISOMAP,-2820.6104611627434,6887.220922325487
14,16,pmc_nn,sherlock,0.12779615306519435,ISOMAP,-2825.4758488252587,6798.951697650517
15,16,pmc_nn,sherlock,0.06933970448994081,ISOMAP,-2900.314201255664,6948.628402511327
0,20,pmc_nn,forrest,0.04198839259992579,UMAP,-5323.6484990914505,35731.2969981829
1,20,pmc_nn,forrest,0.08511731310502181,UMAP,-5319.906032906949,37085.81206581389
2,20,pmc_nn,forrest,0.023114384591365902,UMAP,-5469.098728486779,33832.19745697356
3,20,pmc_nn,forrest,0.01780910048828912,UMAP,-5311.340925101786,35706.681850203575
4,20,pmc_nn,forrest,0.04322942170149949,UMAP,-5295.936612896808,37037.87322579361
5,20,pmc_nn,forrest,0.04013767749041515,UMAP,-5279.160612442117,34754.32122488423
6,20,pmc_nn,forrest,0.047661619639686716,UMAP,-5327.97397584196,33549.94795168392
7,20,pmc_nn,forrest,0.05472089542102212,UMAP,-5200.181460903379,34158.362921806765
8,20,pmc_nn,forrest,0.0398896321169402,UMAP,-5206.845206175784,34609.69041235157
9,20,pmc_nn,forrest,0.02225051736963847,UMAP,-5109.595680399519,35753.191360799035
10,20,pmc_nn,forrest,0.016323333696178666,UMAP,-4936.868545568811,34511.73709113762
11,20,pmc_nn,forrest,0.04288299084807054,UMAP,-5400.2841423460495,37246.5682846921
12,20,pmc_nn,forrest,0.03819762548064853,UMAP,-5053.200545721566,36552.401091443135
13,20,pmc_nn,forrest,0.04889553880722478,UMAP,-5217.311022135866,31648.622044271735
0,20,aud_early,forrest,0.020197204775257386,ISOMAP,-5442.178231358783,20962.35646271757
1,20,aud_early,forrest,0.03633634533662315,ISOMAP,-5288.235651207414,20940.471302414833
2,20,aud_early,forrest,0.011420879418343294,ISOMAP,-4982.509998733354,21819.01999746671
3,20,aud_early,forrest,0.003887072857172,ISOMAP,-4782.184285236428,21112.368570472856
4,20,aud_early,forrest,0.05126385075472915,ISOMAP,-5344.225684248148,21636.45136849629
5,20,aud_early,forrest,0.038097570625333935,ISOMAP,-5412.207158790069,21478.414317580136
6,20,aud_early,forrest,0.04775932540565712,ISOMAP,-5390.680864034305,22635.36172806861
7,20,aud_early,forrest,0.04007432592094889,ISOMAP,-5432.771808963842,22719.543617927684
8,20,aud_early,forrest,0.0494319809987501,ISOMAP,-5367.570752050036,20813.141504100076
9,20,aud_early,forrest,0.041268700966122486,ISOMAP,-5422.37587126232,21498.75174252464
10,20,aud_early,forrest,0.03642855363915271,ISOMAP,-5424.155918715213,21796.311837430425
11,20,aud_early,forrest,0.03701792661700189,ISOMAP,-4330.368170104599,20824.736340209198
12,20,aud_early,forrest,0.030078130379214495,ISOMAP,-5441.233118099537,22128.466236199078
13,20,aud_early,forrest,0.03956642662715405,ISOMAP,-5421.381925037083,21790.763850074167
0,16,pmc_nn,sherlock,0.10348923754405616,LLE,-2772.46965420264,6892.93930840528
1,16,pmc_nn,sherlock,0.0846572243822928,LLE,-2834.269077384339,6722.538154768678
2,16,pmc_nn,sherlock,0.07342157552627393,LLE,-2835.67206650697,6635.34413301394
3,16,pmc_nn,sherlock,0.09724488282106844,LLE,-2855.435100650009,6956.870201300018
4,16,pmc_nn,sherlock,0.041636349517293864,LLE,-2798.7125771125593,6745.425154225119
5,16,pmc_nn,sherlock,0.0630965542070216,LLE,-2839.727434577068,7133.454869154136
6,16,pmc_nn,sherlock,0.14902583114772264,LLE,-2719.554007967717,6587.108015935433
7,16,pmc_nn,sherlock,0.06781937491115939,LLE,-2886.8279616912005,7121.655923382401
8,16,pmc_nn,sherlock,0.07530125348824374,LLE,-2810.8101720484124,6769.620344096825
9,16,pmc_nn,sherlock,0.12837337752984812,LLE,-2871.811592245893,7197.623184491786
10,16,pmc_nn,sherlock,0.07050652877619691,LLE,-2882.482275067125,6912.96455013425
11,16,pmc_nn,sherlock,0.08907267446307576,LLE,-2826.9218002711,6899.8436005422
12,16,pmc_nn,sherlock,0.0030788438062017576,LLE,-3452.7472343568347,8151.494468713667
13,16,pmc_nn,sherlock,0.03741587136071016,LLE,-2971.4869953109924,7188.973990621985
14,16,pmc_nn,sherlock,0.07436224696192538,LLE,-2744.6826469047705,6637.365293809541
15,16,pmc_nn,sherlock,0.040699383090048384,LLE,-2898.5837104820453,6945.16742096409
0,20,high_Visual,forrest,0.05204776678176856,PCA,-5402.534154541835,20601.06830908367
1,20,high_Visual,forrest,0.043137210773385865,PCA,-5387.590910066393,20019.181820132784
2,20,high_Visual,forrest,0.05213006178790061,PCA,-5373.493053492608,21992.986106985216
3,20,high_Visual,forrest,0.037332591870663435,PCA,-5415.135061431454,22076.27012286291
4,20,high_Visual,forrest,0.05883341336309701,PCA,-5338.65569198908,19921.311383978158
5,20,high_Visual,forrest,0.06141514404987025,PCA,-5380.983637385051,20839.967274770104
6,20,high_Visual,forrest,0.06291818409639048,PCA,-5374.290695620602,20266.5813912412
7,20,high_Visual,forrest,0.05333794247773504,PCA,-5385.8713578597935,21135.74271571959
8,20,high_Visual,forrest,0.06522185626920739,PCA,-5357.132499478505,21368.264998957013
9,20,high_Visual,forrest,0.05842584902405744,PCA,-5342.940770255638,20481.88154051128
10,20,high_Visual,forrest,0.05437821635825315,PCA,-5362.466604952399,19698.9332099048
11,20,high_Visual,forrest,0.04025537141942248,PCA,-5390.070570189544,21144.141140379088
12,20,high_Visual,forrest,0.03801233399876794,PCA,-5396.9103424661735,20311.820684932347
13,20,high_Visual,forrest,0.06171971560897858,PCA,-5355.17400529446,21074.34801058892
0,16,early_visual,sherlock,0.08868586941836218,PHATE_TIME,2300.809497920795,2.381004158410178
1,16,early_visual,sherlock,0.14913314481077036,PHATE_TIME,2311.419534493186,-394.83906898637184
2,16,early_visual,sherlock,0.1792509098242744,PHATE_TIME,2378.5837699100957,-153.1675398201905
3,16,early_visual,sherlock,0.2159253127331948,PHATE_TIME,1951.0494354571601,325.9011290856802
4,16,early_visual,sherlock,0.23244086331897484,PHATE_TIME,2437.459416865268,-828.9188337305359
5,16,early_visual,sherlock,0.05542814849002529,PHATE_TIME,2340.420592670997,315.15881465800516
6,16,early_visual,sherlock,0.1910106268060792,PHATE_TIME,911.175244493812,2591.649511012376
7,16,early_visual,sherlock,0.11080970146642186,PHATE_TIME,1839.1219711488156,925.7560577023693
8,16,early_visual,sherlock,0.049037768713087335,PHATE_TIME,2439.9441903143684,-81.88838062873674
9,16,early_visual,sherlock,0.10328221246437452,PHATE_TIME,1807.9687886453714,612.0624227092577
10,16,early_visual,sherlock,0.13230255120339876,PHATE_TIME,2954.13078516632,-1304.2615703326394
11,16,early_visual,sherlock,0.208194861005496,PHATE_TIME,1980.1493158157,453.7013683686
12,16,early_visual,sherlock,0.20696435949103686,PHATE_TIME,2475.559521135697,-1083.1190422713944
13,16,early_visual,sherlock,0.061482695114687236,PHATE_TIME,2733.075111012765,-268.15022202552973
14,16,early_visual,sherlock,0.25709998530325656,PHATE_TIME,815.1650498744783,2597.669900251043
15,16,early_visual,sherlock,0.06778974094897756,PHATE_TIME,1564.7035604317934,738.5928791364131
0,16,pmc_nn,sherlock,0.17324049698977187,PHATE,-2772.4256973809856,6892.851394761971
1,16,pmc_nn,sherlock,0.07395533902605858,PHATE,-2860.989934571947,6775.979869143894
2,16,pmc_nn,sherlock,0.054203672636817815,PHATE,-2886.382195294045,6736.76439058809
3,16,pmc_nn,sherlock,0.14910776150658986,PHATE,-2846.0876254261066,6938.175250852213
4,16,pmc_nn,sherlock,0.06844824243089613,PHATE,-2851.745407027843,6851.4908140556845
5,16,pmc_nn,sherlock,0.11713917638494653,PHATE,-2812.96136151765,7079.9227230353
6,16,pmc_nn,sherlock,0.12740215460584686,PHATE,-2760.86519591735,6669.7303918347
7,16,pmc_nn,sherlock,0.12676031069625174,PHATE,-2827.038370491907,7002.0767409838145
8,16,pmc_nn,sherlock,0.0687476168833217,PHATE,-2842.432498474428,6832.864996948856
9,16,pmc_nn,sherlock,0.07062218882176212,PHATE,-2915.995348233319,7285.990696466638
10,16,pmc_nn,sherlock,0.09830429796641307,PHATE,-2851.7713510628278,6851.5427021256555
11,16,pmc_nn,sherlock,0.07842806729222586,PHATE,-2881.999984122475,7009.99996824495
12,16,pmc_nn,sherlock,0.07184785373134231,PHATE,-2890.597867714446,7027.195735428892
13,16,pmc_nn,sherlock,0.10129690800141868,PHATE,-2838.562528652835,6923.12505730567
14,16,pmc_nn,sherlock,0.09681215751200507,PHATE,-2816.0207467307623,6780.041493461525
15,16,pmc_nn,sherlock,0.062210532294162735,PHATE,-2907.072414292458,6962.144828584916
0,16,aud_early,sherlock,0.3558096071227324,TPHATE,-1214.7507941990516,3147.501588398103
1,16,aud_early,sherlock,0.36407255549631495,TPHATE,-2336.995432860629,5391.990865721259
2,16,aud_early,sherlock,0.518660606807422,TPHATE,-1424.4099344331164,3566.819868866233
3,16,aud_early,sherlock,0.337683311698227,TPHATE,-1093.5850027589913,2905.1700055179826
4,16,aud_early,sherlock,0.3957288842170897,TPHATE,-2069.25933644255,4856.5186728851
5,16,aud_early,sherlock,0.4372228027555911,TPHATE,-1783.0192972976795,4284.0385945953585
6,16,aud_early,sherlock,0.6266487213515023,TPHATE,-347.56260855192755,1413.125217103855
7,16,aud_early,sherlock,0.4975136489811905,TPHATE,-2051.3332396304013,4746.6664792608035
8,16,aud_early,sherlock,0.36214561279484175,TPHATE,-2236.395756443571,5268.791512887142
9,16,aud_early,sherlock,0.4563632526165081,TPHATE,-998.7298960605272,2875.4597921210548
10,16,aud_early,sherlock,0.3382679078096791,TPHATE,-2331.487577808618,5458.975155617236
11,16,aud_early,sherlock,0.30663967555525057,TPHATE,-2322.8603333858578,5289.7206667717155
12,16,aud_early,sherlock,0.2947115155234669,TPHATE,-2380.413822770634,5404.827645541268
13,16,aud_early,sherlock,0.2354691145026924,TPHATE,-1142.5556400119046,3003.1112800238093
14,16,aud_early,sherlock,0.461317318606489,TPHATE,-1661.2475463191852,4040.49509263837
15,16,aud_early,sherlock,0.34130269106827704,TPHATE,-2281.4129656254768,5206.8259312509535
0,20,pmc_nn,forrest,0.026903538458092083,ISOMAP,-5495.907685561328,36075.815371122655
1,20,pmc_nn,forrest,0.05100302999052883,ISOMAP,-5431.717160408691,37309.43432081738
2,20,pmc_nn,forrest,0.018504243880280224,ISOMAP,-5503.818006992646,33901.63601398529
3,20,pmc_nn,forrest,0.027311408092280883,ISOMAP,-5485.789926104455,36055.57985220891
4,20,pmc_nn,forrest,0.028531745156742738,ISOMAP,-5471.103108382038,37388.20621676408
5,20,pmc_nn,forrest,0.04726987371354106,ISOMAP,-5419.5192128673525,35035.0384257347
6,20,pmc_nn,forrest,0.03631353562816303,ISOMAP,-5450.7053269484995,33795.410653897
7,20,pmc_nn,forrest,0.05656224467344724,ISOMAP,-5406.558637713205,34571.11727542641
8,20,pmc_nn,forrest,0.052045783051852784,ISOMAP,-5414.075391323633,35024.150782647266
9,20,pmc_nn,forrest,0.03929219241462309,ISOMAP,-5476.124674271152,36486.249348542304
10,20,pmc_nn,forrest,0.038562784048984514,ISOMAP,-5454.202334543385,35546.40466908677
11,20,pmc_nn,forrest,0.031694186171145014,ISOMAP,-5469.22020357262,37384.44040714524
12,20,pmc_nn,forrest,0.028871203496311157,ISOMAP,-5481.032835877172,37408.065671754346
13,20,pmc_nn,forrest,0.053926868696264736,ISOMAP,-5418.5713808534865,32051.142761706968
0,16,high_Visual,sherlock,0.04781434021039056,UMAP,-2007.0381521236027,4810.076304247205
1,16,high_Visual,sherlock,0.0006949992027977257,UMAP,-2015.2723692059405,4994.544738411882
2,16,high_Visual,sherlock,0.1366302859726787,UMAP,-2818.7566929301947,6601.5133858603895
3,16,high_Visual,sherlock,0.08450699387351665,UMAP,-2196.9607359491188,5447.9214718982375
4,16,high_Visual,sherlock,0.04096130300859584,UMAP,-1977.9770638946127,4919.954127789226
5,16,high_Visual,sherlock,0.09367662348752573,UMAP,-2626.2249259584314,6048.449851916863
6,16,high_Visual,sherlock,0.0959862176977683,UMAP,-1897.1557661378592,4848.311532275719
7,16,high_Visual,sherlock,0.05233729421332989,UMAP,-2793.373910415371,6464.747820830742
8,16,high_Visual,sherlock,0.07916544489506296,UMAP,-2883.989163888995,6731.97832777799
9,16,high_Visual,sherlock,0.055125737451964814,UMAP,-2184.759606487624,5423.519212975248
10,16,high_Visual,sherlock,0.033249099632183525,UMAP,-2310.886488053541,5675.772976107082
11,16,high_Visual,sherlock,0.0880475234540097,UMAP,-2756.202096426983,6476.404192853966
12,16,high_Visual,sherlock,-0.005355065550060283,UMAP,-2158.7028611446044,5113.405722289209
13,16,high_Visual,sherlock,0.132456329398303,UMAP,-2207.442170958763,5468.884341917526
14,16,high_Visual,sherlock,0.03749450061184748,UMAP,-2254.3452438569125,5472.690487713825
15,16,high_Visual,sherlock,0.014614273197592403,UMAP,-1948.2184070876744,4774.4368141753475
0,16,early_visual,sherlock,0.16223706570677804,PHATE,-2774.3124565267603,10152.62491305352
1,16,early_visual,sherlock,0.13645304880299935,PHATE,-2720.307024811132,9668.614049622265
2,16,early_visual,sherlock,0.14772334598351325,PHATE,-2762.9353945901817,10129.870789180364
3,16,early_visual,sherlock,0.18027330607994385,PHATE,-2747.517745933122,9723.035491866243
4,16,early_visual,sherlock,0.17655201962639228,PHATE,-2679.935598338533,9405.871196677066
5,16,early_visual,sherlock,0.18868707983164373,PHATE,-2684.2636931976763,10364.527386395352
6,16,early_visual,sherlock,0.1829862672037917,PHATE,-2680.365720989658,9774.731441979317
7,16,early_visual,sherlock,0.21323434962171392,PHATE,-2730.387957251214,10064.775914502428
8,16,early_visual,sherlock,0.1496308995348832,PHATE,-2775.120640910687,10348.241281821374
9,16,early_visual,sherlock,0.13943709381943706,PHATE,-2765.33531676435,9758.6706335287
10,16,early_visual,sherlock,0.13705927944246798,PHATE,-2787.550264608814,10179.100529217629
11,16,early_visual,sherlock,0.14076343513801504,PHATE,-2839.1019435950316,10092.203887190062
12,16,early_visual,sherlock,0.14290433278716436,PHATE,-2804.4315982387325,9476.863196477465
13,16,early_visual,sherlock,0.08946924692856388,PHATE,-2818.693109200185,10835.38621840037
14,16,early_visual,sherlock,0.2208076191774988,PHATE,-2679.046387451816,9586.092774903631
15,16,early_visual,sherlock,0.15523886077162422,PHATE,-2799.186820787843,9466.373641575688
0,20,pmc_nn,forrest,0.019047729987763544,LLE,-5452.57754707015,35989.1550941403
1,20,pmc_nn,forrest,0.029327370110471505,LLE,-5441.033305631062,37328.066611262126
2,20,pmc_nn,forrest,0.017154417324255662,LLE,-5463.9344880620565,33821.86897612411
3,20,pmc_nn,forrest,-0.0010771533563038106,LLE,-5022.135131021903,35128.270262043814
4,20,pmc_nn,forrest,0.0050712454695249105,LLE,-5417.581462226818,37281.16292445364
5,20,pmc_nn,forrest,0.04011597022463235,LLE,-5416.029092354502,35028.058184709014
6,20,pmc_nn,forrest,0.03312614956345822,LLE,-5401.658308994759,33697.31661798952
7,20,pmc_nn,forrest,0.043679482158748915,LLE,-5336.65723902726,34431.31447805452
8,20,pmc_nn,forrest,0.03917831397600262,LLE,-5308.985144946911,34813.97028989382
9,20,pmc_nn,forrest,0.03331486064356403,LLE,-5429.205651463958,36392.41130292792
10,20,pmc_nn,forrest,0.04479544436419963,LLE,-5413.042135537563,35464.084271075124
11,20,pmc_nn,forrest,0.003521017550637144,LLE,-5560.835249365966,37567.67049873193
12,20,pmc_nn,forrest,0.0151443057727166,LLE,-5400.4577857527065,37246.915571505415
13,20,pmc_nn,forrest,0.0363623734707606,LLE,-5441.222141783729,32096.444283567456
